Nettie	Patton
Blanca	Jordan
Beverly	Bryant
Dawn	Wise
Lynn	Martin
Grant	Malone
Dolores	Mcdonald
Angel	Waters
Marcia	Curry
Kerry	Sanchez
Benjamin	Steele
Joe	Mcbride
Antonia	Powers
Elsie	Harmon
Tommy	Hogan
Bethany	Love
Sara	Barber
Jennifer	Brooks
Alexandra	Page
Marlon	Garza
Tom	Stevenson
Julia	Snyder
Ralph	Duncan
Lana	Padilla
Dana	Mason
Ida	Clayton
Boyd	Cain
Darla	Oliver
Tammy	Young
Estelle	Glover
Holly	Walker
Laverne	Walton
Priscilla	Flowers
Mathew	Washington
Sarah	Daniels
Adrienne	Barton
Winston	Warren
Janie	Haynes
Frances	Ingram
Jimmie	Schultz
Darlene	Hart
Sheri	Higgins
Krista	Carson
Myron	Conner
Joann	Roberson
Noah	Weber
Rodolfo	Tran
Marshall	Murphy
Roderick	Casey
Charlie	Rios
Gordon	Fitzgerald
Deanna	Cobb
Joan	Bell
Monique	Porter
Lynn	Sharp
Darryl	Blair
Luis	Valdez
Clay	Lawson
Enrique	Abbott
Joyce	Jones
Verna	Hunt
Rose	Adkins
Susie	Murray
Erik	Stokes
Gerald	Reese
Francis	French
Trevor	Crawford
Lillian	Gomez
Jamie	Hodges
Maria	Newton
Orlando	Mathis
Gretchen	George
Jasmine	Swanson
Sam	Park
Felix	Yates
Cassandra	Bailey
May	Jefferson
Moses	Bridges
Doug	Hudson
Cheryl	Day
Sammy	Hunter
Edwin	Curtis
Lynda	Stewart
Alton	Salazar
Betsy	Perez
Veronica	Fisher
Edmund	Nichols
Kari	Jacobs
Ronald	Blake
Jody	Henry
Lance	Harrington
Herbert	Rice
Robin	Mccarthy
Rene	Hoffman
Kent	Strickland
Nick	Flores
Velma	Mann
Garry	Grant
Joseph	Kennedy
Pauline	Patrick
Traci	Cannon
Dianna	Robertson
Jared	Palmer
Maurice	Dixon
Toni	Daniel
Bessie	Reynolds
Kimberly	Tucker
Georgia	Shaw
Jasmine	Boone
Ray	Cunningham
Sean	Pittman
Olga	Matthews
Robin	Gibbs
Aubrey	Lowe
Robert	Sutton
Connie	Murray
Tamara	Alexander
Jamie	Watson
Jesse	Barnes
Dallas	Clayton
Casey	Warner
Mathew	Long
Leah	Payne
Gregory	Garner
Wanda	Franklin
Johnny	Myers
Dennis	Young
Henry	Singleton
Alonzo	Montgomery
Bryant	Lawrence
Pat	Burton
Mae	Fleming
Shaun	Ward
Opal	Baker
Sherry	Woods
Angela	Miles
Brendan	Griffin
Dean	Nichols
Darlene	Francis
Jay	Black
Doreen	Hunter
Herbert	Casey
Edgar	Waters
Lisa	Mcbride
Margaret	Vaughn
Lucille	Rogers
Benjamin	Lynch
Frank	Parks
Chad	Hodges
Yvonne	Watkins
Mike	Allison
Herman	Nash
Kristen	Wilkerson
Noah	Harper
Betty	Davidson
Lori	Lane
Lillian	Munoz
Alex	Thornton
Max	Keller
Madeline	Webster
Gwendolyn	Collins
Gina	Flowers
Rafael	Romero
Edward	Obrien
Mark	Potter
Carla	Stokes
Jonathon	Erickson
Fred	Walsh
Bethany	Hardy
Dana	Nunez
Essie	Arnold
Frankie	Dennis
Janet	Harris
Sylvia	Rios
Courtney	Dunn
Lucia	Ryan
Jeanette	Fowler
Delores	Stephens
Kara	Townsend
Judith	Thomas
Randy	Newman
Allison	Holt
Teresa	Chavez
Paul	Saunders
Lance	Morrison
Rose	Estrada
Evelyn	Benson
Cecilia	Baldwin
Sally	Reyes
Monica	Newton
Victoria	Moran
Craig	Harvey
Elbert	Curry
Javier	Goodwin
Lindsay	Oliver
Freda	Tyler
Francisco	Brewer
Amos	Washington
Donald	Howard
Alberto	Medina
Carolyn	Welch
Audrey	Simpson
Boris	Black
Lily	Mills
Jane	Hamilton
Jennifer	White
Rebecca	Murray
Molly	Mathis
Cameron	Metcalfe
Chloe	Buckland
Abigail	Gibson
Robert	Lyman
Wanda	Butler
Fiona	Ball
Leonard	Slater
Gordon	Morgan
Kevin	Metcalfe
Andrea	Turner
Karen	Quinn
Mary	Brown
Megan	Greene
Tracey	Newman
Felicity	MacDonald
Amy	Lyman
Megan	Ball
Anne	Watson
Samantha	Mitchell
Rachel	Bailey
Cameron	Skinner
Jacob	Kelly
Richard	Lewis
Gabrielle	Manning
Frank	Cornish
Wanda	Smith
Diana	Tucker
Amanda	Davidson
Maria	Lyman
Frank	Sharp
Michelle	Ince
Rose	Alsop
Sonia	Pullman
Brian	Morrison
Owen	Clark
Adrian	Cornish
Dan	Howard
Leonard	Gray
Anthony	Avery
Emma	Scott
Carol	Marshall
Joan	Burgess
Jack	Slater
John	Wallace
Max	Jones
Dominic	Arnold
Victor	Underwood
Steven	Reid
Justin	Abraham
Madeleine	North
Adam	Sutherland
Victoria	Cameron
Leonard	Underwood
Zoe	Graham
Owen	Powell
Tracey	Ferguson
Alan	Nolan
Lauren	Howard
Irene	Butler
Abigail	Payne
David	Wallace
Jason	Allan
Matt	Tucker
Nathan	Nolan
Theresa	Mackenzie
Boris	Springer
Brandon	Underwood
Anne	Hart
Theresa	Vance
William	Forsyth
Gordon	Bailey
Alan	Smith
Cameron	Reid
Jane	McDonald
Sonia	Manning
Sally	Bailey
Claire	Buckland
Thomas	Rampling
Irene	Lawrence
Nathan	Russell
Carl	Campbell
Jessica	Greene
Sam	Paterson
Hannah	Marshall
Adam	Blake
Connor	Harris
Owen	Peters
Stephanie	Turner
Abigail	Jones
Kimberly	Smith
Kevin	Bond
Gordon	Sharp
Joshua	Forsyth
Victoria	MacDonald
Carl	Wilkins
Nicholas	Newman
Abigail	Alsop
Pippa	Greene
Bernadette	Stewart
Steven	Parr
Anna	Hill
Madeleine	Taylor
Victoria	Peake
Sarah	Wallace
Elizabeth	Howard
Justin	Payne
Rachel	Burgess
Heather	Butler
Joseph	Watson
Yvonne	Randall
Boris	Anderson
Piers	Sanderson
Colin	Marshall
Donna	James
Ella	Hudson
Yvonne	Wilkins
Lillian	Wallace
Elizabeth	Manning
Dan	Fraser
Lily	Pullman
Wendy	Nash
James	Reid
Pippa	Chapman
Vanessa	Graham
Melanie	Avery
Sonia	Forsyth
Natalie	Langdon
Claire	Dyer
Thomas	Harris
Kevin	Kelly
Phil	Hudson
Diane	Turner
Anne	Glover
Lillian	Campbell
Diane	Springer
Austin	Gray
Donna	King
Jan	Young
Bernadette	Wilkins
Bella	Underwood
Rose	McLean
Joseph	Allan
Lillian	Jackson
Julian	Anderson
Jake	Grant
Lauren	Jones
Faith	Graham
Julian	Coleman
Kevin	Blake
Chloe	Skinner
Pippa	Ellison
Jake	Walker
Mary	Hart
Vanessa	Metcalfe
Stephanie	Nolan
Kylie	Short
Theresa	Sutherland
Dominic	Forsyth
Nicholas	Dowd
Justin	Morrison
Fiona	McLean
Donna	Peake
Victor	Robertson
William	Randall
Brandon	Graham
Warren	Allan
Ruth	Hodges
Anne	Chapman
Samantha	Black
Mary	Walker
Warren	Kelly
Sue	Butler
Dan	Manning
Lucas	Lyman
Donna	Lawrence
Dylan	Ogden
Katherine	Manning
William	Scott
Vanessa	Reid
Thomas	Smith
Carolyn	Brown
Angela	Fisher
Natalie	Lee
Owen	Pullman
Pippa	Oliver
Joshua	Rees
Steven	Turner
Angela	Carr
Irene	Hill
Faith	Langdon
Melanie	Baker
Amelia	Avery
Alison	Rutherford
Felicity	Metcalfe
Molly	Johnston
Wendy	Wallace
Hannah	White
Tracey	Knox
Alan	Ball
Donna	Peters
Max	Hill
Richard	Wilkins
Claire	Skinner
Jan	Lee
Ava	Kerr
Heather	Clarkson
Liam	Ball
Grace	Vance
Chloe	Grant
Boris	Baker
Alison	Churchill
Warren	Pullman
Maria	Miller
Amelia	Powell
Lillian	Short
Sonia	Henderson
Abigail	Parsons
Simon	Roberts
Robert	Graham
Gabrielle	Welch
Jasmine	Bond
Anne	Smith
Amanda	Skinner
Andrew	Peters
Mary	Carr
Jan	Martin
Thomas	Nolan
Amanda	Cornish
Benjamin	Underwood
Jacob	King
Jacob	Roberts
Stephen	Davidson
Julia	Hunter
Joe	Mills
Ryan	Mathis
Mary	Paterson
Maria	Taylor
Virginia	Allan
Boris	Allan
Brian	Bailey
Christian	Poole
Keith	Mitchell
Luke	Russell
Katherine	MacLeod
Brian	Carr
Carol	Dyer
Sophie	Cameron
Austin	Abraham
Boris	MacDonald
Justin	Brown
Leonard	Carr
Diane	Young
Colin	Ogden
Nathan	Hunter
Dylan	Johnston
Vanessa	Simpson
Tim	Paige
Boris	Bailey
Maria	Ross
Alexander	Davies
Jason	Poole
Melanie	Walsh
Jake	Howard
Faith	Sharp
Angela	Fraser
Ella	Fisher
Phil	Taylor
Hannah	Lee
William	Langdon
Frank	Wilson
Connor	Coleman
Tim	Ellison
Deirdre	Taylor
Una	Vaughan
Nathan	Avery
Jake	Wallace
Thomas	Henderson
Julian	Powell
Zoe	Edmunds
Samantha	Turner
Sarah	Davies
Bernadette	Dickens
Chloe	Rutherford
Lauren	White
Wanda	North
Carol	Avery
Tracey	Nash
William	Ogden
Maria	Lewis
Alexandra	McGrath
Rose	Dickens
Robert	Peters
Nicola	Wilkins
Natalie	Walker
Justin	Parsons
Tim	Sanderson
Benjamin	Berry
Ryan	James
Alison	Davies
Joe	McLean
Irene	Roberts
Molly	Ball
James	Hunter
Anne	Pullman
Joseph	Dickens
Claire	Powell
Nicholas	White
Sally	Miller
Charles	Dyer
Victor	Gill
Dylan	Ferguson
Stephen	Buckland
Kylie	Mackenzie
Liam	Rutherford
Lily	Forsyth
Michael	Kerr
Rebecca	Berry
Emma	Dyer
Harry	Harris
Michelle	McLean
Kevin	Hughes
Deirdre	Lawrence
Jacob	Randall
Dylan	Coleman
Gordon	Powell
Kylie	Lambert
Harry	Duncan
Steven	Fraser
Justin	Paterson
Sonia	Hamilton
Melanie	Lawrence
Irene	Avery
Christian	Welch
Jonathan	Terry
Owen	Gibson
Ruth	Watson
Ryan	Knox
Michelle	Kelly
Justin	Mackay
Anne	Clark
Leonard	Lyman
Charles	Ogden
Gabrielle	Paige
Matt	Bailey
Lisa	King
Stewart	Turner
Lisa	Mackay
Emily	Bond
Justin	Lee
Evan	Payne
Christopher	Walker
Gavin	Ball
Julian	Nash
Claire	Hudson
Anthony	Edmunds
Connor	Ferguson
Deirdre	Ball
Jan	Watson
Caroline	Abraham
Megan	Henderson
Jason	Jones
William	Henderson
Jan	Cameron
Rose	Hamilton
Boris	Morrison
Piers	Anderson
Oliver	Vaughan
Hannah	Parsons
Frank	Gill
Carolyn	Greene
Frank	Payne
Claire	Chapman
Michelle	Carr
Kimberly	Fisher
Michael	Howard
Heather	Oliver
Bernadette	Johnston
Robert	Parr
Angela	May
Edward	Bond
Sebastian	Wright
Joseph	Mathis
Benjamin	Sanderson
Jessica	Duncan
Lily	Rutherford
Steven	Mills
Matt	Dowd
Adam	Abraham
Thomas	McLean
Gordon	Clarkson
Peter	Carr
Andrew	Anderson
Grace	Parsons
Blake	Hill
Heather	Hodges
Neil	Fisher
Tracey	Howard
Andrea	Greene
Julian	Fraser
Sophie	Alsop
Nathan	Churchill
Audrey	Thomson
Leonard	King
Nicola	Edmunds
Andrew	Lawrence
James	MacLeod
Trevor	Lyman
Deirdre	Tucker
Rachel	North
David	Gibson
Tracey	Baker
Sue	Skinner
Jake	Anderson
Megan	Forsyth
Michael	Brown
Peter	Ogden
Gordon	James
Sebastian	Dickens
Sebastian	Mackay
Stewart	Young
Ian	Randall
Mary	Hill
Zoe	Short
Rachel	Alsop
Diana	Arnold
Steven	Mathis
Jack	Hart
Adrian	Cameron
Wanda	Lambert
Nicola	McLean
Gordon	Henderson
Neil	Wilson
Melanie	Tucker
Isaac	Robertson
Hannah	Rees
Gordon	Paterson
Jonathan	Marshall
Adam	Young
Sue	Scott
Peter	Hardacre
Victoria	Reid
Tim	Mathis
William	Dickens
Kylie	Nolan
Bernadette	Kelly
Wanda	Paige
Andrea	Campbell
Christian	Stewart
Rose	Dyer
Sue	Henderson
Alexandra	Cameron
Julian	Gill
Sue	Smith
Leonard	Bailey
Dylan	Berry
Julia	Terry
Virginia	Taylor
Boris	Clark
Abigail	Welch
Emma	Fisher
Charles	Manning
Pippa	Graham
Julia	Buckland
Blake	Walker
Charles	Lewis
Joanne	Pullman
Rachel	Jackson
Rebecca	Carr
Heather	Payne
Sean	Nolan
Stewart	Howard
Wendy	Knox
Sonia	Smith
Megan	Piper
Olivia	Greene
Adam	Ferguson
Dylan	Ross
Anna	Dickens
Gavin	Pullman
Amy	Fraser
Kevin	Vaughan
William	Carr
Evan	Anderson
Lillian	MacLeod
Elizabeth	Clark
Heather	Simpson
Owen	Hughes
Wendy	Hill
Jessica	Slater
Evan	McGrath
Rebecca	Wilson
Jason	Simpson
Tim	Cameron
Sue	Oliver
Jane	Hudson
Gavin	Hart
Jessica	Lawrence
Jake	Miller
Kimberly	Davies
Harry	Kelly
Joan	Lambert
Amy	Alsop
Wendy	Turner
Sean	James
Dorothy	McLean
Pippa	Davies
Jennifer	Parr
Sebastian	Thomson
Paul	Blake
Madeleine	Butler
Matt	Mackay
Owen	Jones
Owen	Hunter
Emily	Powell
Jacob	Slater
Jonathan	Grant
Benjamin	Roberts
Kevin	Edmunds
Una	Powell
Austin	Springer
Kevin	Davies
Lisa	Poole
Rose	Grant
Karen	Randall
Sally	Arnold
Ella	Baker
Virginia	Parr
Justin	Henderson
Jessica	Walker
Yvonne	Turner
Faith	Vance
Jason	McLean
Sean	Bailey
Jack	Davies
Andrew	Jackson
Alan	Reid
Kimberly	Hughes
Sarah	North
Phil	Greene
Theresa	Ball
Jane	McLean
James	Paige
Colin	King
Amy	Rampling
Victor	Paige
Brandon	Knox
Carolyn	Gill
Peter	Berry
Kylie	Kelly
Dan	Henderson
Kimberly	Forsyth
Jan	Dickens
Jack	Peters
Tim	Langdon
Kevin	Hardacre
Alexandra	Langdon
Jason	Berry
Jasmine	Manning
Owen	Rampling
Lily	Scott
Leonard	Robertson
Simon	Wilson
Emma	Churchill
Andrew	Mitchell
Carl	Watson
Amanda	Howard
Natalie	Sanderson
Diane	MacLeod
Penelope	Wilson
Michael	Vaughan
Megan	Cornish
Chloe	Sutherland
Warren	Coleman
Sonia	King
Wanda	Rampling
Peter	Arnold
Alexander	Pullman
Lisa	Hudson
Donna	Anderson
Dorothy	Coleman
Victoria	Sutherland
Warren	Davies
Caroline	Smith
Nicola	Greene
Dorothy	Glover
Andrew	Arnold
Michelle	Young
William	Kerr
Faith	Robertson
Jake	Lee
Melanie	Springer
Jack	Bower
Carolyn	Duncan
Madeleine	Cameron
Andrea	Arnold
Molly	Slater
Adrian	Murray
Jasmine	Brown
Heather	Forsyth
Tim	Butler
Adrian	Hughes
Boris	Taylor
Lauren	Miller
Adam	Lyman
Thomas	Gray
Peter	Ince
Zoe	Brown
Carolyn	Hart
Jason	Stewart
Vanessa	Knox
Sam	Oliver
Charles	Edmunds
Diane	Forsyth
Simon	Walker
Tracey	Martin
Katherine	Sanderson
Harry	Coleman
Cameron	Gray
Theresa	James
Donna	Taylor
Gordon	Slater
Fiona	Henderson
Vanessa	Langdon
Sonia	Randall
Cameron	Hemmings
Cameron	Chapman
Colin	Slater
Gavin	Tucker
Emma	Langdon
Fiona	Lewis
Peter	Campbell
Sophie	Roberts
Joanne	Welch
Ella	Anderson
Steven	Bower
Ian	Marshall
Alison	Miller
Rachel	Rutherford
Evan	Nash
Bella	Ogden
Amy	Stewart
Vanessa	Edmunds
Boris	Johnston
Leonard	Grant
Michelle	Allan
Samantha	King
Ella	Martin
Blake	Wright
Isaac	Ball
Chloe	Parr
Thomas	Payne
Victoria	Morrison
Wendy	Hardacre
Pippa	Slater
Jason	Russell
Keith	Ogden
Dylan	Blake
Jennifer	Kelly
Gordon	Rampling
David	Parr
Mary	Knox
Felicity	McGrath
Victor	MacDonald
Sam	Ball
David	Mitchell
Faith	King
Kevin	Henderson
Molly	White
Virginia	Chapman
James	Skinner
Stephanie	Lee
Bella	Murray
Brian	Slater
Dorothy	Ball
Heather	Rampling
Yvonne	Powell
Ava	Lyman
Kimberly	Young
Kevin	Randall
Christopher	Gibson
Joshua	Burgess
Blake	Mackenzie
Paul	Burgess
Bella	Knox
Yvonne	Hunter
Ava	Arnold
James	Bailey
Michael	Watson
Diana	Gray
Jasmine	Johnston
Christopher	Bower
Sophie	James
Edward	Blake
Eric	Blake
Chloe	Gibson
Megan	Carr
Una	Hodges
Donna	Greene
Joseph	Gill
Alison	Carr
Gordon	Nash
Dylan	Underwood
Jacob	Blake
Chloe	Greene
Jack	Skinner
Emily	Black
Alexander	Peters
Dan	Walsh
Joshua	Johnston
Ruth	Knox
Bella	Graham
Sam	Lambert
Hannah	Henderson
Oliver	Manning
Dylan	Hudson
Eric	Hughes
Lucas	Parr
Molly	Ellison
Claire	Knox
Alexandra	Mills
Paul	Bower
Jan	Simpson
Ruth	Robertson
Virginia	Metcalfe
Warren	Henderson
Edward	McDonald
Diane	Henderson
Felicity	Reid
Benjamin	Kerr
Claire	Hunter
Rebecca	Langdon
Liam	Grant
Zoe	Pullman
David	Alsop
Trevor	Sharp
Virginia	Vance
Rachel	Walsh
Maria	Henderson
Michael	Arnold
Harry	Robertson
Phil	Allan
Abigail	Lawrence
Piers	Arnold
Sean	Avery
Carolyn	Mitchell
Samantha	Terry
Ava	Roberts
Peter	Payne
Jake	Wilkins
Stephanie	Wilson
Richard	Butler
Kylie	Randall
Bella	Wilson
Amanda	Rees
Kimberly	Ball
Mary	McLean
Colin	Hughes
Irene	Slater
Lillian	Bell
Luke	Ince
Donna	Hudson
Jonathan	Piper
Keith	Short
Neil	Hart
Amelia	Kelly
Sue	Clark
Rebecca	Chapman
Dorothy	Ince
Justin	Gill
Sue	Bailey
Lucas	Buckland
Wanda	Slater
Virginia	Gibson
Jonathan	Vaughan
Sean	Alsop
Sue	Dyer
Alison	Jones
Karen	Lambert
Eric	Watson
Joseph	Mills
Elizabeth	Rampling
Leonard	Terry
Elizabeth	Randall
Michelle	Scott
Nicholas	Hardacre
Sarah	Hughes
Grace	Rees
Audrey	Sanderson
Sally	Lambert
Maria	Hunter
Gabrielle	Hardacre
Jake	Gill
Jonathan	Lyman
Pippa	Forsyth
Sonia	Lewis
Kylie	Ball
Warren	Rees
Cameron	White
Katherine	Terry
Jane	Welch
Stephanie	Ross
Rachel	Manning
Joanne	Randall
Owen	Vaughan
Anna	Hamilton
Dan	Paterson
Lucas	Allan
Nicola	Henderson
Alexandra	Nolan
Anna	Wallace
Grace	Powell
Jacob	Parsons
Owen	Brown
Sonia	Rampling
Penelope	Scott
Brian	Greene
Phil	Walker
Natalie	Anderson
Julia	Thomson
Ella	Lambert
Stephanie	Stewart
Joseph	Lee
Madeleine	MacDonald
Katherine	Campbell
James	Piper
Jessica	Langdon
Bella	Taylor
Diane	Hart
Dorothy	Sutherland
Jasmine	Quinn
Connor	Cameron
Melanie	Paige
Joe	Wright
Kevin	Scott
Wendy	Berry
Penelope	James
Donna	Hunter
Victoria	North
Tracey	Black
Angela	Cornish
Dominic	Miller
Donna	North
Bernadette	Paige
Heather	Dyer
Ruth	Martin
Abigail	Murray
Anthony	Welch
Keith	Ball
Andrew	Ferguson
Michelle	Bell
Claire	Harris
Bernadette	Gray
Sebastian	MacDonald
Gordon	Miller
Melanie	Hamilton
Abigail	Short
James	Wallace
Julia	Paterson
Jan	Sanderson
Deirdre	Berry
Leonard	Hudson
Trevor	Powell
Charles	Lawrence
Faith	Parr
Warren	Hamilton
Eric	Churchill
Edward	Johnston
Nathan	Hart
Rose	Reid
Isaac	Allan
Andrea	Buckland
Boris	Vance
Kylie	Forsyth
Brian	Murray
Carol	McDonald
Stewart	Scott
Emma	Cornish
Kimberly	North
Gabrielle	Pullman
Wanda	Manning
Wanda	Hamilton
Abigail	Fisher
Keith	Duncan
Bella	Miller
Maria	Rees
Carol	Chapman
Leonard	Bond
Dominic	Springer
Oliver	Watson
Jake	Jackson
Andrea	Vaughan
Jonathan	Sharp
Jacob	Edmunds
Stephen	Nolan
Angela	Piper
Jan	Tucker
Jan	McDonald
Melanie	Mitchell
Warren	Newman
Lauren	Scott
Nathan	Welch
Ryan	Peake
Colin	Randall
Andrea	Wright
Carolyn	Mackenzie
Leonard	Cornish
Sonia	Welch
Adrian	Dyer
Joan	Rampling
Christian	Graham
Victor	Buckland
Faith	Allan
Peter	Allan
Tracey	Ellison
Julian	Knox
Abigail	Clark
Dorothy	Wallace
Eric	Lawrence
Edward	Grant
Jennifer	Peake
Stephanie	Hamilton
Una	Carr
Tracey	Blake
Austin	Vance
Carolyn	Sutherland
Megan	Watson
Sally	Avery
Julia	Hart
Tracey	Butler
Leonard	Parr
Liam	Morgan
Kevin	Bower
Abigail	Miller
Julian	Walker
Kevin	Lambert
Molly	Parr
Caroline	Roberts
Neil	Wright
William	Jackson
Kevin	Bell
Alexandra	Burgess
Joe	Parsons
Jonathan	Bailey
Edward	Walker
Una	Ogden
Audrey	Anderson
Leonard	Harris
Virginia	Coleman
Colin	Ross
Rose	Cameron
Adrian	Coleman
Vanessa	Churchill
Richard	Wilson
Hannah	McLean
William	Hemmings
Adam	Nolan
Sebastian	Henderson
Wanda	Martin
Vanessa	Jones
Victoria	Lawrence
David	Rampling
Natalie	Glover
Carl	Dickens
Diane	Graham
Deirdre	Simpson
Alison	Wright
Audrey	Brown
Alison	Terry
Adrian	Ferguson
Justin	Rampling
Ruth	Abraham
Blake	Langdon
Ryan	Mitchell
Boris	Hunter
Christian	Paterson
Simon	Baker
Brandon	Dickens
Jennifer	Metcalfe
Trevor	Hemmings
Gabrielle	Henderson
Thomas	Berry
Jason	Burgess
Andrew	Ball
Adrian	Martin
Stephanie	Dowd
Deirdre	Cameron
Carl	Greene
Joseph	Arnold
Caroline	Kerr
Penelope	Bond
Dan	Lawrence
Kylie	Nash
Charles	McGrath
Claire	Lambert
Lucas	Graham
Olivia	Walsh
Vanessa	Stewart
Nicola	Lewis
Rebecca	Edmunds
Connor	Smith
Zoe	Skinner
Ryan	Avery
Alison	Black
Emily	Randall
Grace	May
Stewart	Grant
Caroline	Cameron
Gavin	Wright
Neil	Martin
Sean	Gray
Heather	Thomson
Fiona	Peake
Sean	May
Jessica	Johnston
Leah	Wilson
Lauren	Welch
Sarah	Paige
Jennifer	Ball
Melanie	Gill
Isaac	Buckland
Sue	MacLeod
Faith	Paterson
Lillian	Ince
Luke	Howard
Sally	Turner
Phil	Berry
Alan	Hardacre
Rose	Peters
Maria	McDonald
Carl	Poole
Sonia	Hemmings
Sophie	Wallace
Jacob	Clarkson
Hannah	Paige
Jane	Duncan
Charles	Bower
Jake	Powell
Sam	Ince
Jonathan	Mills
Mary	Arnold
Jan	Bailey
Richard	Churchill
Benjamin	Peters
Austin	Gill
Dorothy	Mathis
Stewart	Hodges
Cameron	Wallace
Faith	Hamilton
Hannah	Kerr
Matt	Hill
Brian	Paige
Joe	Baker
Joshua	Smith
Edward	Wilson
Jason	Fisher
Kylie	Langdon
Deirdre	Poole
Jane	Powell
Victor	Lawrence
Jane	Mills
Keith	Tucker
Trevor	Roberts
Diana	Dowd
Ian	Young
Adrian	Langdon
Kevin	Payne
Thomas	White
Emily	Alsop
Irene	Hodges
Frank	Graham
Jack	Payne
Dominic	Fraser
Cameron	Hodges
Bernadette	Powell
Leonard	Sanderson
Heather	Hill
Phil	Cornish
Sean	Terry
Andrew	Mackay
Samantha	Tucker
Lauren	Watson
Dylan	Watson
Heather	Hardacre
Abigail	Peters
Luke	Springer
Stewart	Jackson
Emily	Lewis
Benjamin	MacLeod
Luke	Brown
Andrea	McDonald
Matt	Powell
Zoe	Baker
Claire	Fisher
Audrey	Knox
Ava	Young
Joe	MacLeod
Matt	Blake
Evan	Morrison
Rose	Short
Penelope	Parsons
Lucas	Burgess
Sally	Parr
Richard	Black
Boris	McLean
Amelia	Jones
Joshua	Gill
Connor	Fraser
Frank	Black
Jake	Ferguson
Leonard	Hodges
Alexandra	Harris
Stephanie	Sutherland
Julia	Powell
Sam	Ogden
Brian	MacDonald
Lucas	Lambert
Abigail	Anderson
Justin	Hart
Deirdre	Knox
Stephen	May
Boris	Grant
Ruth	Taylor
Neil	Carr
Justin	Vaughan
Jan	Bell
Molly	Hodges
Blake	Sutherland
Stewart	Reid
Sonia	Ince
Rose	Welch
Rose	Arnold
Cameron	Arnold
Victoria	Allan
Hannah	Baker
Stewart	Graham
Piers	Mackenzie
Christian	Gray
Steven	Greene
Hannah	Berry
Samantha	Springer
Donna	Grant
Jennifer	Short
Peter	Miller
Leah	Glover
Hannah	Russell
Steven	Lewis
Ella	Churchill
Paul	Manning
Diane	Sanderson
Tracey	Manning
Faith	Poole
Megan	Cameron
Sam	Dyer
Heather	Lambert
Thomas	Ogden
Paul	Butler
Ava	Howard
Ryan	Ross
Lisa	Davies
Alison	Hill
Anna	Peake
Simon	Piper
Andrea	Lewis
Brandon	Marshall
Dan	Hill
Peter	Kerr
Elizabeth	Tucker
Chloe	Blake
Mary	Hughes
Keith	Vance
Victor	Brown
Felicity	Russell
Nicholas	Anderson
Elizabeth	Taylor
Harry	Dickens
Rose	Peake
Connor	Oliver
Piers	McLean
Fiona	King
Carolyn	Hemmings
Chloe	Vance
Brandon	Hardacre
Carol	Rees
Theresa	Kerr
Jacob	Buckland
Andrea	Peters
Joshua	Welch
Ryan	Wilson
Natalie	Bailey
David	Avery
Brandon	Forsyth
Tim	Mitchell
Ryan	Lyman
Dominic	Thomson
Tim	Turner
Nicholas	Ogden
Karen	Harris
Eric	Bond
Emma	Brown
Colin	Mills
Neil	Greene
Zoe	James
Ella	Bell
Benjamin	Arnold
Molly	Pullman
Wanda	Watson
Anne	Turner
Owen	Hamilton
Blake	Hughes
Donna	Wallace
Angela	Stewart
Samantha	Peake
Piers	Rees
Justin	Cornish
Deirdre	Greene
Olivia	Nash
Christian	Quinn
Carl	Morrison
Rachel	Lambert
James	North
Kevin	Langdon
Stewart	North
Victoria	Harris
Charles	Payne
Kevin	Arnold
Ella	Buckland
Liam	Thomson
Emily	Peters
Boris	Cornish
Jacob	Walsh
Madeleine	Buckland
Jan	Newman
Diane	Grant
Benjamin	Terry
Carol	Ross
Irene	North
Natalie	Davies
Donna	Tucker
Amelia	Metcalfe
Blake	Grant
Peter	Coleman
Steven	Young
Bernadette	Berry
Charles	Short
Irene	Hamilton
Alexander	Cameron
Cameron	Gibson
Hannah	Sanderson
Lily	Anderson
Adam	Mackay
Kimberly	Ellison
Theresa	Wright
Virginia	Scott
Amy	Arnold
Sarah	Bailey
Adam	Johnston
Leah	Hughes
Ava	Anderson
Amy	Thomson
Blake	Ross
Caroline	Thomson
Simon	Fisher
Alan	Taylor
Karen	Cornish
Brandon	Terry
Carolyn	Johnston
Diana	Abraham
Dominic	Metcalfe
Adrian	Paterson
Jessica	Paige
Audrey	Baker
Stephanie	Grant
Elizabeth	Ogden
Ian	Graham
Simon	Allan
Jason	Rutherford
Diane	Vance
Sally	Edmunds
Nathan	Greene
Carol	Davidson
Ruth	Fraser
Oliver	Rutherford
Blake	Young
Kimberly	Bower
Abigail	Piper
Jasmine	Dickens
Diane	Mitchell
Anthony	Mackay
Sally	Hodges
Angela	Ball
Sebastian	Bower
Rebecca	Terry
Ruth	Jackson
Isaac	Black
Virginia	Avery
Carolyn	May
Gavin	Kerr
Piers	Burgess
Jennifer	Alsop
John	Ellison
Adam	Alsop
Mary	Hodges
Christopher	Greene
Wanda	Allan
Alexander	King
Sonia	Sharp
Diane	Scott
Madeleine	Harris
Heather	Rutherford
Christian	Rampling
James	Lee
Dylan	Hemmings
Donna	Paige
Gordon	Pullman
Adam	Greene
Neil	Fraser
Elizabeth	Simpson
Amy	Hamilton
Sean	Ferguson
Eric	Walker
Emily	Paterson
Stephanie	Lawrence
Deirdre	Gibson
Sophie	Rampling
Bella	Manning
Brandon	Vaughan
Joshua	Marshall
Bella	Blake
Cameron	Hill
Paul	Newman
Wendy	Buckland
Brandon	Howard
Evan	Wilson
Ian	Henderson
Stephen	Newman
Caroline	Lawrence
Ava	Davies
Neil	White
Vanessa	Ellison
Bella	Sharp
Olivia	Abraham
Jonathan	May
Amy	Newman
Bella	Short
Amelia	Springer
David	Gill
Stephen	Lawrence
Eric	Berry
Oliver	Hardacre
Diana	Martin
Charles	Allan
Wendy	Churchill
Stewart	Bell
Lisa	Ball
Sarah	Peake
Joseph	Lambert
Joshua	Mackenzie
Tracey	Hardacre
Michael	Skinner
Audrey	Pullman
Grace	Rutherford
Ella	Tucker
Carol	Clark
Nicola	Scott
Peter	May
David	Welch
Paul	Randall
Sally	Parsons
Felicity	Wallace
Frank	Welch
Christopher	Fisher
Dylan	Skinner
Edward	White
Bernadette	Parsons
Jasmine	Ellison
Megan	Walsh
Madeleine	Bailey
Peter	Jackson
Jonathan	Wallace
Jasmine	Nolan
Oliver	Rampling
Audrey	Langdon
Matt	Cornish
Theresa	McDonald
Stewart	Jones
Ella	Roberts
Charles	Mills
Sally	Dowd
Lauren	Randall
Andrea	Ferguson
Christopher	Peters
Jessica	Peters
Andrew	Lambert
Rebecca	Lawrence
Rebecca	McLean
Victoria	Abraham
Emma	Black
Alan	Kerr
Anthony	Taylor
Adam	Kelly
Blake	Mills
Lily	Underwood
Vanessa	Harris
Sophie	Berry
Charles	Wallace
Rebecca	Walker
Ryan	Bower
Jake	Thomson
Vanessa	May
Heather	Anderson
Oliver	Vance
Alan	Rutherford
Stephanie	Sanderson
Jacob	Parr
Edward	Short
Carl	Blake
Oliver	Burgess
Andrea	Blake
Joshua	Brown
Matt	Abraham
Virginia	Pullman
Gabrielle	Watson
Jacob	Hill
Irene	Payne
Virginia	Poole
Zoe	Glover
Evan	Berry
Peter	Davies
Christopher	Newman
Christian	Watson
Kylie	Hart
Elizabeth	Cameron
Joshua	Morgan
Sarah	Hemmings
Joshua	Miller
Bernadette	Gill
Bernadette	Smith
Matt	Watson
Simon	Jackson
Owen	Paterson
Michael	Davidson
Piers	Gibson
Phil	Nolan
Paul	Davidson
James	Pullman
Alexander	Knox
Emma	King
Mary	Wallace
Thomas	Poole
Brian	Davies
William	Thomson
Vanessa	Rampling
Stephanie	Walker
Michael	Lee
Justin	Ferguson
Christian	Walsh
Luke	Lewis
Isaac	Davies
Victor	Churchill
Owen	Roberts
Joshua	Simpson
Irene	Lewis
Brian	Bell
Sally	Roberts
Ruth	Cameron
Sam	Reid
Rebecca	Cameron
Carl	Hemmings
Robert	Campbell
Lillian	Terry
Blake	Harris
Steven	King
Lily	James
Connor	Lee
Caroline	Poole
Jasmine	McLean
Lauren	Poole
Christian	Marshall
Austin	Wright
Stephanie	Young
Joe	Peake
Carol	Gray
Lucas	Gill
Jennifer	Graham
Molly	Russell
Richard	Hunter
Brian	Davidson
Jonathan	Young
Mary	Johnston
Lillian	Brown
Michelle	Burgess
Frank	Ogden
Lillian	Hughes
Andrew	Black
Dan	Roberts
Lisa	Alsop
Leah	Metcalfe
Colin	Cameron
Julian	Mitchell
Stephanie	Ball
Fiona	Allan
Richard	Ferguson
Ava	Allan
David	Hart
Jonathan	Duncan
Matt	Robertson
Sonia	Campbell
Jack	Sutherland
Jessica	MacLeod
Simon	Slater
Peter	Blake
Dylan	Turner
Sue	Hamilton
Benjamin	Rutherford
Justin	Sanderson
Audrey	Chapman
Keith	Underwood
Stewart	Davies
Lillian	Gibson
Faith	Bower
James	Underwood
Vanessa	Gray
Thomas	Simpson
Donna	Watson
Bernadette	Hart
Amy	Gray
Joshua	McGrath
Colin	Miller
Ryan	Anderson
Neil	Sutherland
Justin	Skinner
Sebastian	Reid
Benjamin	Harris
Boris	Berry
Yvonne	Arnold
Lillian	Parr
Emma	Avery
Carol	Jones
Jennifer	Oliver
James	Mitchell
Amelia	MacLeod
Carolyn	Grant
Victoria	Campbell
Carl	Burgess
Julia	Blake
Ryan	Marshall
Jennifer	Mackay
Nicholas	Vance
Benjamin	Dickens
Chloe	Anderson
Joanne	Metcalfe
Nicola	Baker
Jessica	Butler
Alexander	Wilkins
Grace	Hardacre
Jake	Reid
Amy	Ball
Jane	May
John	Simpson
Katherine	Peake
Amy	Taylor
Lisa	Hamilton
Gabrielle	Black
Adam	May
Jennifer	Cameron
Charles	Stewart
Joseph	Kerr
Jasmine	Murray
Edward	Slater
Sebastian	Walsh
Leonard	Gill
Ella	Thomson
Ella	Sutherland
Jan	Gibson
Natalie	Davidson
Gavin	Oliver
Richard	Allan
Leah	Martin
Elizabeth	May
Joe	Clark
Carolyn	Arnold
Thomas	Slater
James	Hardacre
Ava	Wright
Boris	Thomson
Ian	Reid
Charles	Hart
Diane	Randall
Abigail	James
Jake	Alsop
Andrea	Morgan
Nicola	Randall
Faith	Fisher
Blake	Quinn
Anne	Skinner
Julia	Mills
Sebastian	McDonald
Victor	Carr
Samantha	Thomson
Ruth	Burgess
Felicity	Campbell
Richard	Nolan
Robert	Ince
Pippa	Henderson
Alan	Dyer
Sarah	Jones
Maria	Anderson
Liam	Rees
Evan	Randall
Sebastian	Dowd
Connor	Paterson
Matt	Ince
Trevor	Dowd
Owen	Avery
William	Simpson
Leonard	Sharp
Brandon	Vance
Isaac	Duncan
Harry	Smith
Paul	Rampling
Una	Miller
Charles	Newman
Zoe	Russell
Jessica	Taylor
Richard	Burgess
Jack	Chapman
Paul	Dyer
Peter	Alsop
Lillian	Nash
Ava	Jackson
Jane	Lambert
Dorothy	Johnston
Karen	Roberts
Carl	Rees
Gabrielle	Walsh
Jasmine	Kelly
Leah	Graham
Jason	May
Jan	White
Rose	McGrath
Keith	Bell
Katherine	May
Ian	Kerr
Phil	Carr
Rose	Robertson
Kimberly	McLean
Felicity	Powell
Zoe	Wright
Fiona	Ross
Donna	Lee
Steven	Russell
Tim	Vaughan
Sam	Knox
Virginia	Paterson
Megan	Simpson
Nathan	Miller
Michelle	Davidson
Rose	Mitchell
Brian	Ince
Theresa	Hudson
Wanda	Sutherland
Andrea	Gill
Dylan	Tucker
Boris	Roberts
Fiona	Mackay
Leonard	Fraser
Una	Lawrence
Isaac	Pullman
Ian	Campbell
Gavin	Peake
Nathan	Walsh
William	Lewis
Virginia	Bailey
Jason	Peake
Brian	Dowd
Jennifer	Lyman
Virginia	Kerr
Neil	Ogden
Michael	Stewart
Melanie	Payne
Julian	Bailey
Dan	Ross
Stewart	Arnold
Audrey	Hodges
Brandon	Mackay
Brian	Lambert
Angela	Buckland
Nathan	Bond
Christopher	Forsyth
Christopher	McDonald
Adam	Carr
Samantha	Baker
Caroline	Powell
Katherine	Henderson
Boris	Paige
Stewart	Smith
Rachel	Arnold
Ian	Peters
Carol	Mitchell
Dominic	Morgan
Emily	Langdon
Carolyn	Taylor
Alexander	Jones
Ryan	Hardacre
Victoria	Chapman
Oliver	Peake
Paul	Skinner
Brian	Peake
Sam	Cameron
Ruth	Anderson
Faith	Young
Alison	Springer
Warren	Underwood
Kevin	Wallace
Amanda	Scott
Rachel	Gibson
Stephen	Berry
Trevor	Watson
Christian	Baker
Stewart	Mackenzie
Sarah	Henderson
Bella	Sutherland
Sue	Metcalfe
Tim	McGrath
Anna	Powell
Lauren	Smith
Carolyn	Fisher
Benjamin	Smith
Harry	Howard
Bernadette	Ellison
Donna	Fraser
Leonard	Rees
Alison	Duncan
Lucas	Reid
Carolyn	Scott
Angela	McDonald
Owen	Reid
Yvonne	Bond
Elizabeth	Anderson
Diane	Mackay
Kimberly	Hunter
Cameron	McGrath
Dylan	Randall
Nicholas	Coleman
Amelia	Clarkson
Jessica	Bower
Simon	Pullman
Blake	Paige
Abigail	Black
Piers	Murray
Leah	Chapman
Warren	Gibson
Leah	Wallace
Kimberly	Burgess
Nathan	Wilson
Paul	James
Penelope	Hunter
Joe	Ince
Amanda	Buckland
Katherine	Edmunds
Dorothy	Brown
Oliver	Johnston
Piers	Tucker
Olivia	Peake
Pippa	Peake
Una	Walker
Andrew	Wilson
Kevin	North
Ian	Burgess
Maria	Carr
Amanda	Robertson
Irene	Paige
Anna	Underwood
Hannah	Peake
Rebecca	Peake
Kimberly	Scott
Sonia	Wallace
Stephanie	Peake
Harry	Hodges
Sarah	Gill
Michelle	Bond
Joshua	Ogden
Peter	Dowd
Una	Knox
Carl	Underwood
Angela	McLean
Jan	Black
Jacob	Newman
Jake	Arnold
Kevin	Hunter
Ryan	Robertson
Brandon	Morgan
Adrian	Welch
Luke	Payne
Grace	Lyman
Michael	Ball
Abigail	Sanderson
Sonia	Gray
Nicola	Hunter
Joanne	Campbell
Lauren	Quinn
Angela	Blake
Joseph	Hamilton
Adam	Hodges
Andrew	Davies
Carl	McLean
Sue	Greene
Ryan	Slater
Abigail	Metcalfe
Diana	Stewart
Theresa	Ince
Evan	Roberts
Frank	Cameron
Hannah	Randall
Joe	Ogden
Jan	Carr
Stephen	Cameron
Nicholas	Alsop
Pippa	Dickens
Felicity	Springer
Anthony	Parsons
Connor	Hodges
Jane	Nash
Maria	Greene
Sean	Glover
Sophie	Forsyth
Kimberly	Walker
Vanessa	Arnold
Sue	Black
Andrea	Quinn
Megan	MacDonald
Gabrielle	Reid
Madeleine	Glover
Megan	May
Maria	Vance
Rebecca	Jackson
Bella	Welch
Steven	May
Amelia	Bower
Warren	Wallace
Harry	Marshall
Julia	Greene
Sean	Campbell
Matt	Wilkins
Christopher	Manning
Christopher	Hill
Nicola	Gibson
Colin	Metcalfe
Sean	MacDonald
Cameron	Rampling
Warren	Rampling
Natalie	Slater
Adam	Mackenzie
Jane	Piper
Lily	Hemmings
Jonathan	Gray
Kevin	Wilkins
Chloe	Slater
Claire	Mills
Dylan	Miller
Megan	Parr
Sophie	Skinner
Vanessa	Hardacre
Felicity	Lyman
Charles	Ball
Diane	Fisher
Alexander	Clark
Eric	Hardacre
Carol	Dickens
James	Peters
Ella	MacDonald
Jane	Jackson
Warren	Greene
Isaac	Nash
Penelope	Short
Benjamin	Ince
Nathan	Simpson
Evan	Fisher
Thomas	Peake
Claire	Newman
Matt	Taylor
Amelia	Burgess
Diana	Hudson
Madeleine	Scott
Heather	Skinner
Edward	Lawrence
Jack	Hemmings
Fiona	Ellison
Brian	Chapman
Dan	Glover
Justin	North
Melanie	Kerr
Jan	Baker
Melanie	Cameron
Zoe	Vaughan
Carol	Harris
Rebecca	Stewart
Julia	Harris
Stephanie	Mathis
Bella	Mathis
Colin	Watson
Diana	Duncan
Michael	Powell
Jack	Campbell
Adrian	Morrison
Zoe	Peake
Liam	Cameron
Ava	Hudson
Wanda	Chapman
Sam	Duncan
Sean	Jones
John	Clarkson
Amanda	Cameron
Karen	Henderson
Bella	Bond
Dan	Miller
Phil	Gibson
Angela	Terry
Michael	Lawrence
Julian	McDonald
Lillian	Ogden
Ryan	Dowd
Audrey	Bell
Stewart	Stewart
Luke	Carr
Trevor	Campbell
Paul	Ogden
Luke	Peters
Sarah	Langdon
Adrian	Scott
Jennifer	Gibson
Audrey	Manning
Frank	Wallace
Donna	Ogden
Charles	Butler
Frank	Parr
Owen	Duncan
Molly	Davies
Stephanie	King
Una	Arnold
Diana	Turner
Jake	Dowd
Austin	King
Alan	Cameron
Kimberly	Arnold
Neil	Wilkins
Stephen	Cornish
Joshua	Tucker
Alan	Hart
Joshua	Grant
Dylan	Baker
Samantha	Slater
Sarah	Hodges
Audrey	Metcalfe
Grace	Rampling
Fiona	Cameron
Alexandra	Greene
Karen	Welch
Donna	Paterson
Deirdre	Mackenzie
Michael	Quinn
Joseph	MacLeod
Bernadette	Mackenzie
Jane	Bailey
Maria	Ball
Chloe	Morrison
Dominic	Langdon
Andrea	Duncan
Richard	Anderson
Liam	Vance
Kevin	Allan
Sarah	Jackson
Penelope	North
Gabrielle	Hudson
Piers	Lee
Mary	Ogden
Eric	King
Diana	Clark
Samantha	Russell
Zoe	Ross
Audrey	Kerr
Olivia	Vance
Theresa	Glover
Joanne	Fisher
Bernadette	Davies
Natalie	Tucker
Emma	MacLeod
James	Brown
Kimberly	MacLeod
Angela	Hunter
Lillian	Mackenzie
Austin	Mitchell
Boris	Jackson
Owen	Hart
Jack	Rutherford
Jacob	Alsop
Irene	Wilkins
Maria	Lee
Irene	Gill
Ava	Rees
David	Morgan
Wendy	MacLeod
Zoe	Quinn
Karen	Ogden
Carolyn	Piper
Stephanie	Payne
Jasmine	Sharp
Edward	Roberts
Chloe	Manning
Robert	Hardacre
Leonard	Ogden
Jake	Roberts
Carolyn	North
Rebecca	Tucker
Lisa	Thomson
Chloe	Lyman
Jacob	Walker
Andrew	May
Leonard	Walker
Dylan	Davidson
Andrew	Coleman
Amelia	Rutherford
Joanne	James
Liam	Forsyth
Vanessa	Taylor
Trevor	Dyer
Blake	Allan
Fiona	Tucker
Gordon	Nolan
Jacob	Vance
Brian	Fisher
Jane	Wilson
Victoria	Mathis
Boris	Lee
Kimberly	Mackenzie
Diane	Campbell
Dan	Berry
Dan	Hardacre
Jane	Peters
Edward	Clarkson
Alexander	MacLeod
Leonard	Wright
Michelle	Harris
Samantha	Hudson
Joseph	Wilkins
Cameron	Berry
Amelia	Thomson
Megan	Wallace
Max	Bailey
Sonia	Metcalfe
Jessica	Parsons
Amanda	Lawrence
Anna	Ball
Sam	Peters
Joshua	Arnold
Andrea	Allan
Joanne	Davidson
Owen	Wallace
Joan	Greene
Nathan	Hardacre
Diane	Alsop
Jake	Blake
Olivia	Welch
Lillian	Hardacre
Gavin	Mills
David	Hardacre
Carol	McGrath
John	Metcalfe
Harry	Langdon
Faith	Mathis
Vanessa	McDonald
Charles	Lee
Felicity	Howard
Matt	Arnold
Elizabeth	Butler
Jennifer	Walsh
Chloe	Jones
Ian	Peake
Ruth	Sutherland
Alexander	Clarkson
Dan	Grant
Lauren	Hemmings
Lisa	Lyman
James	Harris
Stephen	Edmunds
Julia	Rees
Dominic	Jones
Alison	Reid
Kevin	Pullman
Anne	Blake
Matt	Rees
Jake	Forsyth
Jonathan	Rutherford
Emily	MacDonald
Leonard	Morrison
Bernadette	White
Brandon	Lewis
Jacob	Peake
James	Vaughan
Owen	Hemmings
Andrew	Short
Jack	Mackenzie
Grace	Howard
Joe	Black
James	Edmunds
Christian	Bower
Andrew	Ogden
Katherine	Johnston
Jane	Watson
Adam	Cornish
Anthony	Gill
Sally	Ogden
Chloe	Miller
Jane	Manning
Jane	Hardacre
Gordon	Rees
Kevin	Newman
Alexandra	Parsons
Michael	Mills
Sean	Watson
Dan	Marshall
Matt	Harris
Victor	Anderson
Jack	MacDonald
Elizabeth	Lee
Stephen	Reid
Ava	James
Jan	Fisher
Zoe	Morgan
Madeleine	Slater
Alexandra	Martin
Abigail	Chapman
Alison	Vance
Nicholas	Blake
Felicity	Dyer
Lauren	Wilson
Christopher	Wright
Angela	Reid
Sam	Morrison
Sam	Kelly
Jake	North
Eric	Manning
Christopher	Anderson
Justin	Nash
Ryan	Springer
Vanessa	Rutherford
Heather	Randall
Dominic	Murray
Molly	Skinner
Jessica	Clarkson
Mary	Rutherford
Joe	Taylor
Lisa	Watson
Joan	Gill
Pippa	Walsh
Diane	Bailey
Luke	Rampling
Ryan	White
Virginia	Springer
Alexander	Mills
Phil	Buckland
Lisa	Payne
Abigail	Hardacre
Nicholas	Thomson
Oliver	Peters
Felicity	Bond
Lucas	Springer
Mary	Sutherland
Vanessa	Howard
Andrew	Welch
Ian	Gibson
Jack	Lambert
Leah	Mathis
Carolyn	Miller
Charles	Wilkins
Bernadette	Lee
Joseph	Stewart
Phil	Wilson
Connor	Hudson
Sam	Mackay
Una	Robertson
Andrew	Oliver
Matt	Pullman
Julian	Simpson
Jacob	Metcalfe
Emily	Slater
Faith	Vaughan
Cameron	Wilkins
Mary	Hemmings
Melanie	Martin
Adrian	Arnold
Paul	Sharp
Katherine	Wallace
Warren	Arnold
Melanie	Wallace
Jason	Newman
Molly	May
Christopher	Mackay
Alexandra	Avery
Joanne	Miller
Jane	Russell
Isaac	Vaughan
Karen	Jackson
Thomas	Butler
Owen	Rees
Dorothy	Dickens
Christopher	Stewart
Karen	Mitchell
Piers	Ferguson
Owen	Rutherford
Emily	Sanderson
Claire	Hart
Connor	Hughes
Peter	Pullman
Boris	Wallace
Irene	Rees
Ian	Parsons
Lily	Peake
Eric	Ball
Wendy	Russell
Phil	Pullman
Bernadette	Bond
Piers	Jones
Brandon	Taylor
Olivia	Sanderson
Carl	Davies
Lisa	Newman
Colin	Mathis
Jan	Randall
Lucas	Bell
Keith	White
Amanda	Glover
Robert	Hunter
Una	Nolan
Christian	Scott
Joe	Springer
Oliver	Nolan
Gabrielle	Duncan
Lisa	Paige
Anne	May
Carol	Ellison
Edward	Henderson
Natalie	Campbell
Grace	Paterson
Melanie	Edmunds
Donna	Buckland
Matt	Langdon
Olivia	McLean
Heather	Campbell
Jennifer	Bell
William	Harris
Alexander	Reid
Andrea	Pullman
Max	Simpson
Rose	Russell
Stephen	Greene
Joseph	Greene
Sean	Quinn
Harry	Lawrence
Felicity	Alsop
Julian	Chapman
Christian	Hemmings
Caroline	Clarkson
Jan	Skinner
Adam	Harris
Neil	Burgess
Tracey	Ince
Sam	Graham
Isaac	Marshall
Anne	Anderson
Bella	Morrison
Kylie	Martin
Lauren	Dickens
Melanie	Welch
Olivia	Reid
Bernadette	Mackay
Christopher	Powell
Matt	Carr
Amelia	Campbell
Sonia	Alsop
Jack	Buckland
Faith	Mackenzie
Trevor	Rutherford
Victoria	Nolan
Ruth	North
Sam	Carr
Jacob	McLean
Austin	Scott
Nathan	Cameron
Alan	Duncan
Frank	Davies
Yvonne	Walsh
Charles	Quinn
Sarah	Fisher
Madeleine	Ross
Michael	Paige
Connor	Quinn
Lisa	Vance
Samantha	Mathis
Blake	Greene
Ruth	Howard
Stephanie	Dyer
William	Smith
Simon	Oliver
Emma	Bailey
Brian	Roberts
Peter	McDonald
Faith	Thomson
Kylie	Pullman
Connor	Langdon
Stephen	Watson
Molly	Hart
Edward	Forsyth
Irene	Sharp
Luke	Hudson
Evan	Duncan
Joseph	Hunter
Rachel	Welch
Zoe	Parsons
Jacob	MacLeod
Vanessa	Murray
Colin	Parr
Neil	Slater
Joseph	Dowd
Kylie	Paige
Chloe	Lambert
Lillian	Coleman
Lillian	Buckland
James	Ferguson
Leah	Henderson
Andrew	Johnston
Victor	Fisher
Stephen	Harris
Paul	Slater
Sarah	Ellison
Owen	Lawrence
Caroline	White
Sonia	Watson
Faith	Simpson
Stephen	Russell
Phil	Young
Wanda	Newman
Ava	Peters
Stephen	Mathis
Adam	Wilson
Victor	Hart
Frank	Alsop
Sally	Henderson
Anthony	May
Paul	Lee
Max	Vaughan
Evan	Wilkins
Deirdre	Sutherland
Nathan	King
Joan	Bailey
Lucas	Manning
Abigail	Berry
Natalie	Fisher
Ian	Arnold
Gordon	McLean
Wendy	Parsons
Edward	Hill
Owen	Harris
Joseph	Miller
Stewart	Clark
Jane	Kerr
Boris	Hamilton
Samantha	Lewis
Alan	Davies
Melanie	Quinn
Cameron	Dowd
Christopher	Marshall
Dominic	Gibson
Anna	Murray
Ian	Hemmings
Christopher	Alsop
Irene	Short
Chloe	Payne
Una	Sanderson
Sally	Mitchell
Christopher	Taylor
Yvonne	Skinner
Jan	Johnston
Neil	Poole
Tracey	Fraser
Tracey	Hughes
Brian	Walker
Tim	Martin
Olivia	Hill
Christopher	Paterson
Victoria	Vaughan
Amelia	Black
Eric	Clark
Trevor	Cornish
Nathan	Alsop
Jack	Pullman
Stewart	Peters
Julian	Fisher
Sally	Thomson
Richard	Henderson
Joan	Quinn
Christian	Langdon
Claire	Langdon
Blake	Robertson
Maria	Knox
Amy	Parr
Pippa	Butler
Olivia	Campbell
Amanda	Morgan
Sean	Gill
Blake	Turner
Victoria	Watson
Julian	James
Phil	Sharp
Penelope	Payne
Megan	Hunter
Vanessa	Mackay
Cameron	Payne
Dan	Blake
Kimberly	Jackson
Abigail	Mackenzie
Colin	MacDonald
Adam	Bailey
Victor	Mackay
Richard	Sanderson
Trevor	Gill
Gabrielle	Terry
Harry	Bell
Andrea	Bower
Bernadette	Nolan
Ian	Sharp
Paul	Gray
Trevor	Chapman
Amelia	Nolan
Jan	Lewis
Phil	Randall
Wendy	Grant
Tracey	Johnston
Charles	Kerr
Victor	Thomson
Andrew	King
Emily	Coleman
Anne	Langdon
Maria	Oliver
Felicity	Berry
Matt	Reid
Adam	Stewart
Jennifer	Nolan
Michelle	Gill
Rebecca	Dyer
Michael	Fraser
Anne	James
Madeleine	Wallace
Fiona	White
Theresa	Graham
Matt	Kerr
Andrea	MacDonald
Evan	Harris
Nathan	MacLeod
Christopher	Clark
Donna	Hardacre
Lily	Stewart
Fiona	Parsons
Gabrielle	Peake
Emma	Ellison
Neil	Sharp
Oliver	Mackay
Adam	Howard
Una	Cornish
Claire	Coleman
Sally	Peters
Robert	Short
Una	McLean
Diana	Bailey
Hannah	Wright
Sean	Robertson
Paul	Powell
Wanda	Marshall
Tim	Stewart
Lauren	Payne
Colin	Morrison
Anthony	Ellison
John	Carr
Nicholas	Berry
Cameron	Stewart
Sam	Harris
Simon	Harris
Una	Burgess
Simon	Abraham
Stephanie	Martin
Nathan	Henderson
Katherine	White
Rose	Bower
Virginia	McLean
Phil	Brown
Irene	Skinner
John	Dowd
Nicola	Hardacre
Lisa	Powell
Trevor	Paterson
Max	Lambert
Harry	Hill
Owen	Metcalfe
Bernadette	Lyman
Tracey	Miller
John	Nolan
Diana	Forsyth
Jessica	Avery
Felicity	Piper
Jacob	Ogden
Molly	North
Simon	Parr
Diane	Howard
Gavin	Davidson
Colin	Hodges
Justin	Hughes
Diana	White
Felicity	Jackson
William	Cameron
Max	Buckland
Jennifer	King
Dominic	Robertson
Connor	Kelly
Jan	Fraser
Jack	Martin
Trevor	Bower
Jack	Hudson
Deirdre	Gray
Irene	Ince
Blake	Morgan
Jason	Bailey
Anthony	Dickens
Anne	Avery
Jacob	Taylor
Hannah	Skinner
Jonathan	Coleman
Michael	Mackay
Dylan	Clarkson
Amy	Oliver
Sebastian	Ince
Alexandra	Hamilton
Anthony	Murray
Donna	Knox
Faith	McLean
Lisa	Nash
Gabrielle	Miller
Jonathan	Welch
Nicholas	Turner
Isaac	Mackenzie
Emma	Abraham
Christopher	Morrison
Andrew	Martin
Jason	Hemmings
Virginia	Skinner
Virginia	Butler
Lisa	Sutherland
Angela	Bond
Andrew	Chapman
Brandon	Thomson
Thomas	Cornish
Bella	Smith
Megan	Edmunds
Austin	Quinn
Hannah	Mackay
Oliver	Paige
Jane	Clarkson
Carl	Rampling
Peter	Piper
Wendy	Mathis
Lillian	May
Gabrielle	MacDonald
Claire	Underwood
Carol	Russell
Ryan	Kerr
Wendy	Lambert
James	Allan
Luke	Miller
Megan	Hemmings
Lily	Terry
John	Russell
Anne	Ince
Trevor	Davidson
Benjamin	Lewis
Eric	Ferguson
Wendy	Murray
Heather	Walsh
Harry	Powell
Anna	Miller
Alison	Piper
Irene	Martin
Rebecca	Fraser
Matt	King
Natalie	Burgess
Deirdre	Randall
Abigail	Underwood
Jessica	Kelly
Deirdre	Manning
Connor	Johnston
Irene	Alsop
Emma	Anderson
Melanie	Robertson
Jacob	Rees
Thomas	Welch
Joan	Edmunds
Katherine	Russell
Una	Vance
Kevin	Black
Penelope	Gill
Rebecca	Gray
Benjamin	Blake
Jane	Tucker
Natalie	Bower
Alexander	Scott
Jan	Jackson
Gabrielle	Howard
Alison	Watson
Adam	Coleman
Molly	Fraser
Amanda	Lyman
Gavin	Dowd
Rachel	Walker
Fiona	Coleman
Sally	Johnston
Cameron	Poole
Michael	King
Audrey	Tucker
Bella	Johnston
Trevor	Anderson
Diane	Anderson
Stewart	Nash
Leonard	Black
Lily	Sanderson
Kylie	Arnold
Dominic	Campbell
John	Roberts
Victoria	Butler
Ruth	Lee
Joe	Oliver
Jennifer	Sutherland
Julia	Walker
Lillian	Vance
Victor	Payne
William	Buckland
Kevin	Welch
Megan	Sharp
Sonia	MacLeod
Mary	Mackenzie
Stephen	Robertson
Sam	Nolan
Pippa	Thomson
Leonard	Mitchell
Kimberly	Clark
Audrey	Buckland
Sonia	Bond
Nicola	Morgan
Piers	Powell
Adam	Chapman
Stephen	MacLeod
Irene	Harris
Dorothy	Clark
Richard	Berry
Karen	McGrath
Owen	Gill
William	Dowd
Nicholas	Clarkson
Joe	Rees
Amelia	Roberts
Irene	Terry
Jason	Gill
Jonathan	Clark
Lillian	Greene
Gavin	Ince
Deirdre	Powell
Boris	McGrath
Angela	Marshall
Jacob	Arnold
Tim	Walsh
Trevor	Reid
Sue	Terry
Jessica	White
Stewart	Duncan
David	Wilkins
Amanda	Miller
Peter	Gill
Lisa	Oliver
Olivia	Bond
Caroline	Dyer
Warren	Howard
Dan	Dyer
Kimberly	Abraham
Sonia	Mitchell
Paul	Buckland
Joanne	Buckland
Max	Parsons
Ella	Scott
Carol	Carr
Jonathan	Campbell
Joseph	White
Heather	Mathis
Irene	Jones
Grace	Butler
Anthony	Howard
Molly	Davidson
Rose	Payne
Harry	Mathis
Trevor	Springer
Nathan	Metcalfe
Ava	Churchill
Fiona	Burgess
Faith	Newman
Madeleine	Wright
Ryan	Skinner
Keith	James
Luke	Reid
Stephen	Ellison
Virginia	Ball
Andrew	Clark
Richard	Ross
Stephanie	Glover
Madeleine	Marshall
Rose	Coleman
Olivia	Kerr
Sonia	May
Andrea	Fraser
Peter	Powell
Olivia	Morrison
Nicola	Ball
Joan	Hughes
Chloe	Tucker
Eric	Vaughan
Sam	MacDonald
Carolyn	Murray
Rachel	Avery
Anthony	Paterson
Irene	Stewart
Mary	Campbell
Ian	Ball
Jonathan	Smith
Paul	Ross
Michael	Glover
Lillian	Hemmings
Phil	Davidson
Charles	Mathis
Ella	Hughes
Sophie	Wilkins
Lisa	Mitchell
Cameron	Ince
Rebecca	Paige
Jake	Bond
Anna	Ross
Julia	Wright
Lillian	Nolan
Trevor	Russell
Penelope	Miller
Thomas	Hughes
Alan	Welch
Carolyn	Langdon
Simon	Hill
Andrew	Grant
Leah	Hill
Wendy	Marshall
Warren	MacLeod
Jonathan	Robertson
Austin	Turner
Ian	Howard
Grace	Sanderson
Natalie	James
Cameron	Martin
Alexander	McLean
Audrey	Ogden
Bernadette	Fisher
Audrey	Lyman
Richard	Buckland
Irene	Graham
Victoria	Slater
Edward	Russell
Robert	Paige
Alexandra	Ross
Olivia	Davidson
Benjamin	Campbell
Lucas	Robertson
Jack	Peake
Michelle	Ellison
Neil	Butler
Carol	Lambert
Nathan	Blake
Christopher	Springer
Isaac	Burgess
Jonathan	Gill
Irene	Pullman
Jake	Metcalfe
Simon	Graham
Ella	Reid
Nathan	Campbell
Rebecca	Payne
Wanda	Clark
Julian	MacDonald
Emma	Henderson
Kylie	Payne
Donna	Edmunds
Adam	Martin
Richard	May
Joan	Watson
Sarah	Walker
Edward	Stewart
Isaac	Wallace
Claire	Brown
Richard	Carr
Alexandra	Piper
Heather	Ball
Brian	Mathis
Rachel	Harris
Blake	Stewart
Richard	Hodges
Molly	Coleman
Elizabeth	Hamilton
Madeleine	Dowd
Theresa	Churchill
Anthony	Nash
Luke	Mills
Yvonne	Brown
Stephen	Ferguson
Melanie	Wilkins
Colin	Cornish
Yvonne	Abraham
Theresa	Davies
Alexander	Campbell
Natalie	Randall
Dorothy	Skinner
Rachel	Hughes
William	Blake
Harry	Sharp
Andrea	Rutherford
Alexandra	Dyer
Wanda	May
Julia	MacDonald
Faith	Baker
Warren	Knox
Katherine	Ferguson
Jasmine	Lawrence
Richard	Piper
Caroline	Martin
Megan	Pullman
Stephanie	Paterson
Abigail	Hodges
Felicity	Edmunds
Stephen	Jackson
Ella	Johnston
Trevor	Baker
Caroline	Forsyth
Sonia	Morgan
Lily	Ball
Gavin	Simpson
Benjamin	Vance
Rebecca	Metcalfe
Carl	Sanderson
Jasmine	Sutherland
Neil	Taylor
Christopher	Slater
Alison	Davidson
Christian	Wilkins
Carolyn	Poole
Ruth	Underwood
Lucas	Peters
Molly	Young
Keith	Mills
Tim	Howard
Sean	Payne
Jake	Abraham
Harry	Lambert
Harry	Bailey
Matt	Short
Lily	Clarkson
Heather	Davies
Stephen	Ball
Wendy	Lyman
Ruth	Ogden
Adrian	May
Lily	Powell
Pippa	Grant
Irene	King
Jacob	Wright
Zoe	Hart
Piers	Ball
Liam	Taylor
Alexandra	Underwood
Una	MacLeod
Julia	McGrath
Joshua	Taylor
Molly	Ross
Lillian	Burgess
Deirdre	Alsop
Gabrielle	Harris
Jane	Ferguson
David	Lyman
Angela	Quinn
Kevin	Smith
Simon	Sanderson
Benjamin	Peake
Boris	Piper
Sam	Hill
Natalie	Mathis
Victor	Taylor
Dylan	Manning
Chloe	Dickens
Madeleine	Greene
Abigail	Hudson
Peter	Gray
Isaac	Gill
Colin	Bailey
Ian	Fisher
Jane	Butler
Katherine	Springer
Cameron	Duncan
Harry	Underwood
Jack	May
Deirdre	Piper
Kylie	Metcalfe
Cameron	Davies
Nathan	Graham
Pippa	Robertson
Isaac	Paterson
Nicholas	Terry
Jack	Henderson
Gordon	Carr
Heather	Morgan
Ella	Terry
Robert	Howard
Jennifer	Hill
Molly	Kelly
William	Paterson
Boris	Buckland
Piers	Fisher
Joe	Turner
Matt	Sharp
Wanda	Burgess
Anna	MacDonald
Gavin	Terry
Gabrielle	Jackson
Edward	Knox
Robert	James
Colin	North
Peter	Gibson
Audrey	Turner
Keith	Clark
Dorothy	Scott
Maria	Piper
Sebastian	Morrison
Adrian	Kelly
Jasmine	Russell
Katherine	MacDonald
Amelia	Hudson
Evan	Hunter
Austin	Morgan
Brandon	Russell
Jessica	Mitchell
Carolyn	Hamilton
Ryan	Mills
Joan	Lawrence
Trevor	White
Joshua	Morrison
Stephen	White
Abigail	Dyer
Olivia	Short
Neil	Davies
Dylan	Murray
Neil	Harris
Alan	Pullman
Evan	Bower
Brandon	Edmunds
Leah	Mitchell
Justin	Hunter
Deirdre	Allan
Frank	Parsons
Eric	McGrath
Christian	Henderson
Dominic	Powell
Richard	Bond
Joe	Scott
Joanne	Morrison
Eric	Forsyth
Lucas	Hardacre
Tim	Davidson
Joan	Abraham
Anne	Fisher
Julia	Brown
Paul	Wallace
Madeleine	Blake
Joan	Simpson
Richard	Watson
Thomas	Gibson
Joe	Robertson
Julian	Ross
Adam	Terry
Madeleine	Lambert
Abigail	Greene
Richard	Lawrence
Jack	Mitchell
Lily	Bower
Sue	Pullman
Warren	Grant
Peter	Ball
Victor	May
Charles	Parr
Robert	Springer
Christopher	James
Phil	Lee
Grace	Ince
Deirdre	Buckland
Max	Rampling
Owen	Bower
Ian	Skinner
Evan	Piper
Joe	Miller
Kylie	Slater
Gavin	Taylor
Joe	Rutherford
Nathan	McGrath
Benjamin	Parsons
William	Quinn
Christian	Vance
Nicholas	Springer
Benjamin	McGrath
Jack	Short
Jasmine	Gill
Elizabeth	Miller
Brian	Clarkson
Richard	Murray
Christian	Hudson
Lucas	Payne
Blake	Bower
Ian	Bower
Stephen	Morgan
Katherine	McLean
Colin	Bell
Jack	Parr
Julia	Parsons
Matt	Nolan
Theresa	MacDonald
Sean	Mackay
Brandon	Wallace
Boris	Kerr
Lily	Springer
Adrian	Payne
Paul	Berry
Brandon	White
Bernadette	Arnold
Sarah	Edmunds
Michael	McGrath
Jan	Arnold
Brandon	Lee
Harry	Short
Rose	Gill
Nicola	May
Penelope	Greene
Chloe	Burgess
Lucas	Mathis
Grace	Fisher
Colin	Peters
Diana	Hunter
Benjamin	Paterson
William	Tucker
Sally	Bell
Christian	Walker
Joseph	Smith
Andrea	Graham
Trevor	Gray
Rose	Gibson
Ava	Hamilton
Liam	Dickens
Emma	Gibson
Nathan	Mackay
Stewart	Bailey
Jack	Hamilton
Leah	Bower
Mary	Bond
Joan	Sanderson
Justin	Springer
Ian	Dyer
Caroline	Knox
David	Randall
Brian	Wallace
Lily	Russell
Christian	McLean
Isaac	Kelly
Keith	Skinner
Rose	Underwood
Faith	McDonald
Nicholas	May
Edward	Welch
Jacob	Greene
Sonia	Oliver
Brandon	Cameron
Charles	White
Madeleine	Skinner
Irene	Russell
Steven	Chapman
Boris	Dowd
Diane	King
Stewart	Lewis
Amanda	Hart
David	Glover
Kylie	Fraser
Felicity	Dowd
Joe	King
Alison	Alsop
Ryan	Brown
Victor	Avery
Jake	Ross
Anthony	Davies
Isaac	Rees
Oliver	Ogden
Trevor	MacLeod
Austin	Kerr
Andrew	Ince
Tracey	Rees
Sarah	Duncan
Lisa	Wilkins
Diane	Morgan
Anthony	Oliver
Tim	Rees
Jennifer	Lawrence
Jonathan	Russell
Madeleine	Sutherland
Megan	Fisher
Anne	Davies
Faith	Ogden
Diane	Brown
Blake	Skinner
Mary	Reid
Matt	Campbell
Anne	McLean
Elizabeth	Ball
Sally	Hunter
Evan	Ince
Liam	Graham
Pippa	Alsop
Victoria	Hardacre
Trevor	Lawrence
Michelle	Parsons
Gavin	Wilson
Lauren	Davies
Oliver	Buckland
Connor	Rampling
Sally	Morgan
Carol	Roberts
Emily	Roberts
Harry	Oliver
Anne	Gibson
Natalie	Skinner
Adam	Mathis
Julia	King
Liam	MacLeod
Theresa	Young
Owen	Wilkins
Anthony	McGrath
Amy	McDonald
Oliver	MacDonald
Lillian	Blake
Andrew	Blake
Claire	Wallace
Nicola	Ross
Sonia	Lawrence
Jacob	Ellison
Kevin	Marshall
Phil	Grant
Robert	Rees
Irene	Bailey
Grace	Ross
Amelia	Stewart
Katherine	Hodges
Lillian	Baker
Lucas	Grant
Elizabeth	Fraser
Lillian	Sharp
Deirdre	Turner
Diana	Wilson
Alexandra	Parr
Anna	Bower
Grace	Grant
Warren	Walsh
Cameron	Gill
Isaac	North
Kevin	Cornish
Steven	Lambert
Lucas	Newman
Justin	Bower
Sarah	Underwood
Stewart	Martin
Jonathan	Parsons
Fiona	Lambert
Andrew	Gibson
Andrew	Wilkins
John	Hodges
David	Lawrence
Bernadette	Martin
Julia	Ogden
Piers	Brown
Leonard	Randall
Claire	Alsop
Evan	Brown
Joshua	Abraham
Sarah	Mathis
Gavin	Knox
Austin	Marshall
Jennifer	Ince
Evan	Dickens
Carl	Miller
Jasmine	Bower
Paul	Sutherland
Alan	Bond
Edward	Ross
Dan	Lee
Joe	Bailey
Kevin	Springer
Andrea	Martin
Wanda	James
Lucas	Vance
Joe	Chapman
Brandon	Young
Julian	Hemmings
Heather	Martin
Melanie	Short
Felicity	Young
Neil	James
Julian	Jones
Deirdre	Mackay
Michelle	Lewis
Emily	Howard
Joshua	Chapman
Joe	Sutherland
Paul	Parsons
Bernadette	Robertson
Wanda	Dickens
Piers	Bell
Boris	Langdon
Joshua	Piper
Pippa	Rampling
Paul	Tucker
Dominic	Ince
Molly	Rutherford
Dominic	Pullman
Tim	Kelly
Gavin	North
Austin	Cornish
Julian	Watson
Christopher	White
Dominic	Hunter
Karen	Campbell
Una	McDonald
Molly	Kerr
Neil	Randall
Colin	Churchill
Alexander	Robertson
Ruth	Randall
Richard	White
Sue	Tucker
Trevor	Butler
Carol	Alsop
Isaac	Mackay
Matt	Gill
Carolyn	MacDonald
Emma	Howard
Jasmine	Duncan
Liam	Sutherland
Sebastian	Hunter
Karen	Vaughan
David	Stewart
Gavin	Coleman
Sam	Quinn
Isaac	Peake
Jane	Quinn
Frank	James
Ruth	Greene
Trevor	Mills
Blake	Wallace
Lily	Newman
Diane	McGrath
Jane	Black
Grace	Ferguson
Dominic	Manning
Andrea	Dowd
Megan	Buckland
Virginia	Edmunds
Joanne	Kerr
Grace	Simpson
Jack	Hardacre
Benjamin	Murray
Jonathan	Payne
Jason	Wright
Dylan	Jones
Anne	Coleman
Harry	Chapman
Simon	Wilkins
Bella	Powell
Ryan	Arnold
Faith	Ross
Gordon	Dickens
Katherine	Hemmings
Alexander	McGrath
Zoe	Walker
Sally	Jackson
Alexandra	Payne
Blake	Payne
Isaac	Graham
Ella	Greene
Grace	Greene
Isaac	Skinner
Mary	Walsh
Lillian	Dyer
Tracey	Lambert
Stephen	Paige
Adrian	Hodges
Peter	Wilson
Dorothy	Morgan
Sophie	Russell
James	Berry
Heather	MacDonald
Lillian	Wilson
Angela	Morrison
Adrian	Glover
Julian	Johnston
Amy	Jackson
Joseph	Mitchell
Una	Harris
Jane	McGrath
Amy	Clark
Trevor	Rees
Piers	Parsons
Joe	Russell
Steven	Mitchell
Alexandra	Ogden
Andrea	Watson
Robert	Metcalfe
Jack	Greene
Jasmine	Pullman
Peter	McGrath
Ruth	Johnston
Olivia	Payne
Anthony	Roberts
Robert	Walsh
Connor	Cornish
Donna	Forsyth
Emily	Rees
Tracey	Poole
Justin	Hill
Kevin	Dickens
Amy	Campbell
Mary	Simpson
John	Cornish
Grace	Reid
Michael	Mathis
Steven	North
Jacob	Burgess
Jane	Rampling
Carol	Mackay
Warren	Bond
Edward	Murray
Ruth	Hamilton
Anthony	Grant
Leonard	Knox
Brandon	Hamilton
Lucas	Rees
Carolyn	Morgan
Lily	Hamilton
Nicola	Reid
Donna	Rees
Lauren	Mackay
Gavin	James
Alison	Langdon
Max	Campbell
Harry	Davies
Neil	Morrison
Frank	Johnston
Amanda	Dowd
Jennifer	Bailey
Samantha	Randall
Sebastian	Langdon
Jennifer	James
Richard	Fisher
Madeleine	Martin
David	Peters
Matt	Hardacre
Evan	Howard
Jacob	Dowd
Lily	Miller
Isaac	Ferguson
Sarah	Glover
Hannah	Manning
Cameron	Fisher
Emily	Wilson
Brandon	Sutherland
Lisa	Morgan
Anna	Slater
David	Sharp
Sarah	Ince
Colin	Simpson
Claire	Thomson
Stephanie	Welch
Jennifer	North
Liam	Nolan
Amelia	Hodges
Grace	Ball
Victor	Grant
Liam	North
Nicola	Arnold
Dylan	Wilson
Gavin	Hamilton
Neil	Mills
Keith	McGrath
Diane	Vaughan
Irene	Reid
Joanne	Lyman
Carl	White
Anne	Parsons
Rose	Pullman
John	Blake
Irene	Ball
Eric	Carr
Carol	Gibson
Karen	Hemmings
Anthony	Forsyth
Kimberly	Hodges
Lily	Jones
Blake	Ball
Brandon	Fraser
Sam	Payne
Yvonne	Rutherford
Madeleine	Berry
Nathan	Gill
Christopher	Hughes
Heather	Chapman
Olivia	Mathis
Adam	Hardacre
Ella	Vance
Charles	Watson
Evan	Hodges
Katherine	Metcalfe
Alan	Thomson
Diana	Poole
Olivia	Langdon
Liam	Edmunds
Mary	Lambert
Bernadette	Bell
Julian	Baker
Joan	Terry
Anthony	Slater
Sam	Welch
Diana	Young
Amelia	Johnston
Diane	Clark
Kylie	Underwood
Heather	Rees
Jasmine	McGrath
Gordon	Avery
Luke	Hodges
Cameron	Kelly
Amy	Gibson
Diane	Peters
Yvonne	Stewart
Stewart	Lambert
Jan	McGrath
Tracey	Powell
Max	Roberts
Rebecca	Simpson
Penelope	Lawrence
Emily	Clark
Victor	Hughes
Jasmine	Wilson
Andrea	Gray
Stephanie	Metcalfe
Dorothy	Dyer
Christopher	Hemmings
Sean	Miller
Luke	Davies
Sam	Glover
Ian	Wilkins
Lisa	Sanderson
Max	Miller
Sonia	Ball
Eric	Chapman
Andrew	Ellison
Ava	Avery
Sonia	Fraser
Jonathan	Dyer
Anna	Morgan
Felicity	Hughes
John	Terry
Dan	Vaughan
Samantha	Bailey
Owen	Carr
Evan	Dowd
Boris	Quinn
Keith	Sharp
Julia	Murray
Tracey	Churchill
Cameron	Scott
Paul	Avery
Jan	Graham
Melanie	Abraham
Rose	Bond
William	Welch
Caroline	Paterson
Dominic	Chapman
Steven	Hardacre
Robert	Blake
Andrea	Murray
Virginia	Lambert
Adam	Bond
Jan	Pullman
Sean	Lambert
Harry	Peters
Colin	Ellison
Jack	Harris
Joanne	Peake
Julia	Tucker
Felicity	Morrison
Rebecca	Duncan
Tracey	Buckland
Rachel	Terry
Ryan	Martin
Jacob	Russell
Amelia	Berry
Alexandra	Wilson
Audrey	Watson
Steven	Lyman
Alexander	Dyer
Melanie	Lyman
Trevor	Alsop
Sean	Rampling
Sebastian	Hemmings
Virginia	Davidson
Evan	Alsop
Mary	Hudson
Caroline	Peters
Christian	Ferguson
Megan	Coleman
Donna	Gibson
Leah	Churchill
Sean	Gibson
Lauren	Langdon
Dan	Alsop
Sophie	Ball
David	Poole
Lily	Baker
Jake	Sutherland
Andrea	Short
Ruth	Mackay
Brian	Wilkins
Zoe	Lyman
Melanie	Clarkson
Owen	Stewart
Lucas	Bower
Eric	Parr
Julian	Newman
Victoria	Skinner
Nicholas	Chapman
Sophie	Hamilton
Lillian	Hudson
Phil	Miller
Sebastian	Fraser
Cameron	Churchill
Joseph	Coleman
Ella	Hunter
Molly	Edmunds
Tim	Baker
William	Parr
James	Hodges
Sue	Forsyth
Diane	Davies
Faith	Alsop
Emma	Glover
Joe	Hardacre
Maria	Berry
Heather	Roberts
Victoria	Clarkson
Edward	Berry
Sue	Churchill
Thomas	Kelly
Nicholas	Reid
Max	Clark
Lauren	Roberts
Neil	Ellison
Wanda	Cornish
Anna	Langdon
Jennifer	Robertson
Liam	Marshall
Elizabeth	Greene
Megan	Newman
Tim	Paterson
Bella	Wallace
Dan	Powell
Sophie	Walsh
Vanessa	Davidson
Oliver	Russell
Una	Lambert
Harry	Lyman
Felicity	Avery
Diana	Black
Christian	Simpson
Ruth	Wilkins
Dominic	Parsons
Connor	Hart
Sam	Jones
Lucas	King
Amanda	Young
Joanne	Clarkson
Sean	Tucker
Jonathan	Springer
Joe	Terry
Wendy	Arnold
Chloe	Glover
Dominic	Paterson
Sue	Baker
Jason	Lewis
Gordon	Bower
Adam	McGrath
Hannah	Rampling
Melanie	Clark
Sean	Mills
Grace	White
Penelope	Campbell
Samantha	Sutherland
Jasmine	Gibson
Audrey	Berry
Sue	Fisher
Stephanie	Davies
Alexander	Gray
Lucas	Harris
Owen	Walker
Harry	Hart
Victoria	Ferguson
Thomas	Glover
Joan	Walker
Anthony	Rutherford
Colin	Peake
Christopher	Reid
Joe	Gill
Kylie	Harris
Cameron	McLean
Anthony	Mitchell
Theresa	Walker
Grace	Walsh
Jasmine	Hughes
Madeleine	Sharp
Michael	Campbell
Edward	Abraham
Michelle	Hemmings
Claire	Glover
Gordon	Kerr
Fiona	Hart
Victoria	MacLeod
Eric	Metcalfe
Robert	Bond
Victor	Baker
Jessica	Gill
Nicholas	Skinner
Anne	Dickens
Cameron	Butler
Andrew	Roberts
William	Mills
Lily	Coleman
Julia	Vaughan
Joanne	Hunter
Madeleine	Tucker
Theresa	Chapman
Wendy	Hudson
Keith	Paterson
Paul	Lyman
Abigail	MacLeod
Faith	Terry
Joseph	Tucker
Keith	Davidson
Paul	Mackenzie
Jake	May
Mary	Fisher
Ryan	Nolan
Boris	Forsyth
Heather	Fisher
Deirdre	Hardacre
Tim	Gray
Christian	Vaughan
Charles	Morrison
Michelle	Buckland
Adrian	Clark
John	Dyer
Jessica	Powell
William	Powell
Cameron	Cornish
Sarah	Dyer
Oliver	Brown
Carol	Henderson
Theresa	Nolan
Tracey	Dyer
Angela	Campbell
Colin	Ferguson
John	Mitchell
Adrian	Morgan
Julian	Blake
Joan	Underwood
Evan	Young
Jake	Vaughan
Diana	Butler
Deirdre	Black
Ian	Ellison
Tracey	Mills
Penelope	Nash
Emily	Gibson
Virginia	Walsh
Audrey	Hart
Elizabeth	Blake
Sean	Underwood
Gordon	Black
Mary	Welch
Neil	Churchill
Joe	Gibson
Michael	Taylor
Faith	Slater
Sam	Sharp
Anna	Nolan
Andrew	Reid
Neil	Avery
Jake	Poole
Phil	Russell
Angela	Howard
Gabrielle	Kerr
Katherine	Morgan
Emily	Bell
Sarah	Powell
Melanie	Bell
Maria	White
Diana	Rees
Karen	MacDonald
Edward	Harris
Gordon	Simpson
Max	Ogden
Amanda	Kerr
Justin	Ross
Karen	Skinner
Bernadette	Howard
Austin	Edmunds
Luke	Hill
Wendy	McGrath
Madeleine	Mitchell
Harry	Slater
Bella	Abraham
Rose	Lambert
Connor	Black
Harry	Gibson
Amy	Sharp
Diana	Parsons
Sam	Roberts
Diane	Knox
Jack	Clarkson
Matt	Clarkson
Joseph	Randall
Michelle	Vance
Dorothy	Cornish
Penelope	Welch
Michael	Randall
Una	Cameron
Diane	Robertson
Amy	Miller
Kevin	Ross
Molly	Scott
Kimberly	Morrison
Max	Pullman
Alexandra	Hughes
Kimberly	Roberts
Benjamin	Gill
Amy	Rutherford
Megan	Ross
Richard	Chapman
Rachel	Mackay
Gavin	Hodges
Paul	Rees
Anna	Jackson
Nathan	Dickens
Jason	Wallace
Diana	Lyman
Stewart	Roberts
Max	Kerr
Tracey	Sharp
Tracey	Rampling
Donna	Skinner
Brandon	Sharp
Dominic	Hemmings
Thomas	Paige
Molly	Paterson
Victor	Slater
Angela	Glover
Carolyn	Lawrence
Phil	Edmunds
Claire	Graham
Joe	Lee
Dominic	Alsop
Anne	Springer
Stewart	MacDonald
Sarah	Stewart
Samantha	Hunter
Wendy	Edmunds
Robert	Oliver
Irene	Ferguson
Simon	Quinn
Pippa	Lambert
Rachel	Scott
Gavin	Chapman
Joan	Nolan
Alexander	Slater
Blake	Dickens
Amelia	Wilkins
Michael	Jackson
Audrey	Mathis
Trevor	Ince
Sally	Mills
Andrea	Johnston
Piers	Lambert
Irene	Black
Carol	Morgan
Maria	Payne
Steven	Duncan
Samantha	Lawrence
Trevor	Thomson
Jason	Parr
Alan	Walsh
Neil	Peters
Sarah	Hamilton
Penelope	Langdon
Gordon	Kelly
Brian	Fraser
Irene	Wright
Rebecca	Alsop
Lauren	Berry
Michael	Lambert
Amelia	Butler
Sebastian	Peters
Diana	Henderson
Sebastian	Terry
Liam	Lyman
Elizabeth	Roberts
Joshua	King
Dylan	Lyman
Lucas	Slater
Stephanie	Paige
Donna	Oliver
Lucas	Walker
Alexander	Springer
Anne	Hill
Lauren	Hughes
Eric	Gill
Amelia	Fisher
Abigail	Marshall
Amelia	Hardacre
Thomas	Ball
Adrian	Wilkins
Joe	Duncan
Una	Campbell
Austin	Clark
Rebecca	Short
Cameron	Nolan
Andrea	Hardacre
Lisa	Stewart
Una	Baker
Nicola	Cornish
Alexandra	Murray
Sue	Lyman
Colin	Young
Fiona	Brown
Thomas	Morrison
Bernadette	Thomson
Angela	Parsons
Luke	Manning
Ella	Graham
Luke	Henderson
Jessica	Hunter
Thomas	Rees
Donna	Butler
Fiona	Ogden
Dylan	Nash
Anna	Smith
Audrey	Walker
Zoe	Duncan
Joseph	Harris
Michelle	McDonald
Jan	Rampling
Simon	Murray
Austin	Roberts
Brian	Piper
Phil	Nash
Stephen	Hudson
William	Bond
Lucas	Duncan
Rebecca	Poole
Lily	Nolan
Amy	Lewis
Jan	Poole
Julian	Paige
Adam	James
Phil	Harris
Virginia	Murray
Oliver	North
Frank	Miller
Victor	Wilson
Wanda	Howard
Gavin	Metcalfe
Sam	Mills
Austin	Stewart
Simon	Simpson
Tim	Vance
Anna	Burgess
Andrea	Harris
Joan	Roberts
Ryan	Smith
Katherine	Kerr
Joseph	Newman
Donna	Kelly
Robert	McLean
Jacob	Mathis
Hannah	Black
Stephen	Turner
Amy	Paige
Vanessa	Hemmings
Benjamin	Howard
Kimberly	Kerr
Evan	Wallace
Sue	Walker
John	Fraser
Megan	Rees
Max	King
Grace	Ellison
Cameron	Simpson
Eric	Sanderson
Jack	Underwood
Pippa	Kelly
Alan	Rees
Gavin	Dyer
Sue	Newman
Nicholas	Davidson
Colin	Davies
Joanne	Howard
Heather	Hunter
Amy	Reid
Alan	Turner
Oliver	Mills
Victor	Harris
Rachel	Turner
Fiona	Bailey
Chloe	Peters
Ryan	Piper
Maria	Allan
Sean	Hill
Virginia	Randall
William	Hughes
Thomas	Hardacre
Andrea	Hill
Fiona	Dickens
Emma	Bond
Thomas	Roberts
Ian	Vaughan
Robert	Glover
Irene	Vance
Jake	Hughes
Tim	Duncan
Ella	Berry
Isaac	Coleman
Jacob	Abraham
Tim	White
Donna	Ince
Simon	Mackay
Nicola	North
Jane	Johnston
Luke	Walker
Deirdre	Paterson
Sam	Alsop
Leonard	Metcalfe
John	Rutherford
Andrea	McLean
Owen	Forsyth
Frank	Skinner
Eric	Dowd
Olivia	Avery
Christopher	Cameron
Andrea	Churchill
Jonathan	Walsh
Amy	Bower
Dan	Vance
Joseph	Langdon
Colin	Tucker
Joanne	Gill
Luke	Butler
Edward	Black
Theresa	Grant
Cameron	Butler
Adrian	Wilson
Adam	Hill
James	Mackay
Christian	Piper
Grace	Gill
Jonathan	Buckland
William	Carr
John	Welch
David	Marshall
Jake	Avery
Yvonne	Grant
Donna	Hemmings
Richard	Davidson
Charles	Ball
Victor	Reid
Simon	Nolan
Dorothy	Watson
Frank	Peters
Gavin	Jackson
Kevin	Hardacre
Felicity	Kerr
Blake	Ogden
Michelle	Hardacre
Joanne	Fraser
Irene	White
Stephanie	Lewis
Colin	Jones
Robert	Morrison
Frank	Rampling
Angela	Russell
Nicola	Brown
Emma	Allan
Faith	Cornish
Gabrielle	Kelly
James	Ferguson
Anne	Wright
Carol	Lyman
Sonia	Blake
Leonard	King
Lauren	North
Kylie	Mills
Piers	Baker
Maria	Mackenzie
Madeleine	McLean
Sarah	Coleman
James	Hamilton
Edward	Cornish
Deirdre	Abraham
Steven	Bond
Colin	Scott
Karen	Cameron
Andrew	Glover
Harry	Walsh
Stewart	Abraham
Rachel	Coleman
Julian	MacDonald
Adrian	Welch
Jacob	North
Leah	Robertson
Angela	James
Jan	Bond
Kevin	Smith
Harry	Ross
Kimberly	Nash
Una	Howard
Dorothy	Jackson
Jonathan	Hunter
Tim	Avery
Nicholas	Martin
Pippa	Gill
John	Jackson
Julia	Lambert
Hannah	Terry
Elizabeth	Kelly
Max	Paterson
Sean	Miller
Jonathan	Hodges
Alexander	Terry
Simon	Vaughan
John	Carr
Kevin	Watson
Brandon	Young
Mary	Nash
Justin	Hamilton
Christian	Gill
Alan	Abraham
Emily	Graham
Richard	James
Jessica	Jones
Boris	Simpson
Olivia	Walsh
Robert	Rutherford
Nicola	Butler
Luke	Chapman
Wendy	Tucker
Joshua	Berry
Fiona	Arnold
Nathan	Newman
Irene	Paige
Stewart	Knox
Angela	Hunter
Nathan	Mathis
Adrian	Edmunds
Adrian	MacDonald
Gavin	Terry
Vanessa	MacLeod
Theresa	Martin
Brian	Abraham
Vanessa	Powell
Irene	Morrison
Amy	Edmunds
Hannah	Clark
Vanessa	Anderson
Amelia	Mitchell
Lauren	Morgan
Emma	Alsop
Steven	Hunter
Stewart	MacDonald
Max	Taylor
Abigail	Bower
Gavin	Short
Thomas	Jackson
Julia	Paige
Connor	Hughes
Elizabeth	Rutherford
Natalie	MacLeod
Sarah	Paterson
Alexandra	Kelly
Diane	Morrison
Kevin	Kerr
Amelia	Robertson
David	Short
Isaac	Alsop
Bella	Poole
Katherine	Chapman
Sarah	Smith
Alexander	Bell
Max	Oliver
Charles	Russell
Owen	Ince
Caroline	Dyer
Amanda	Hemmings
Charles	Grant
Luke	Carr
Joseph	Rampling
Vanessa	Watson
Boris	Ross
Kimberly	White
Leonard	Fraser
Andrew	Hardacre
Carol	Coleman
Sophie	North
Dan	Nolan
Sarah	Payne
Rachel	Newman
Lauren	Rampling
Diana	Buckland
Dan	Scott
Emily	Hemmings
Nicholas	Sanderson
Charles	Morgan
Victoria	Cornish
Connor	Langdon
Charles	Rees
Paul	Hudson
Kevin	Oliver
Gabrielle	Howard
Melanie	Murray
Andrew	Taylor
Jennifer	Davidson
Gordon	Clark
Sonia	Hudson
Gavin	Simpson
Hannah	Turner
Leonard	Henderson
Trevor	Cornish
Trevor	Morrison
Paul	Johnston
Cameron	Thomson
Jessica	Robertson
Gordon	Springer
Steven	Harris
Carol	Hunter
Angela	Churchill
Phil	Harris
Piers	Ball
Felicity	Miller
Abigail	Lewis
Michael	Allan
Pippa	Stewart
Owen	Brown
Faith	Glover
Rebecca	Lambert
Nicola	Dickens
Sam	Jones
Una	Slater
Christopher	Knox
Ava	Paterson
Theresa	Burgess
Robert	North
Jennifer	Oliver
Gordon	Abraham
Joshua	Clarkson
Karen	Wilkins
Carol	North
Madeleine	Oliver
Grace	Nolan
Austin	Rees
Faith	Paige
Matt	Newman
Amanda	Scott
Brian	Davidson
Gavin	Turner
Penelope	Howard
Oliver	Reid
Gordon	Brown
Samantha	Lee
Deirdre	Allan
Evan	Robertson
Jacob	Oliver
Pippa	Paterson
Luke	Langdon
Caroline	Morgan
Virginia	Miller
Lauren	Sutherland
Brandon	Payne
Emily	Oliver
Simon	Tucker
Anthony	Forsyth
Katherine	Hughes
Natalie	Ferguson
Jake	Jones
Rebecca	Chapman
Dan	Sanderson
Adam	Langdon
Christopher	Stewart
Jan	Buckland
Ian	Nolan
Andrea	Parsons
Fiona	Pullman
Oliver	Ball
Madeleine	Berry
Paul	Fraser
Boris	Mackay
Connor	Morrison
Dominic	Avery
Thomas	May
Kevin	Baker
Justin	Poole
Nicholas	Short
Robert	Butler
Leonard	Hamilton
Pippa	Mackay
Una	Simpson
Kylie	Fisher
Amanda	Edmunds
Adam	Hunter
Gavin	Newman
Victoria	Nolan
Fiona	Terry
Justin	Kerr
Brandon	Forsyth
John	Kelly
Carol	White
Stephanie	White
Dylan	Rampling
Ruth	Johnston
Heather	Hunter
Andrew	Kelly
Jasmine	Welch
Wendy	Manning
Irene	Gibson
Kimberly	Lyman
Maria	Murray
Joseph	McGrath
Karen	Bell
Yvonne	James
Jessica	Miller
Isaac	Dyer
Owen	Young
Jessica	North
Jack	Jones
Deirdre	Ferguson
Penelope	Powell
Stewart	Payne
Joe	Davies
Stewart	Wilkins
Audrey	Gray
Nicholas	Ellison
Adrian	Mackenzie
Jane	Blake
Sophie	Glover
Olivia	Lawrence
Theresa	Sharp
Stephanie	Mackenzie
Amelia	Dickens
Harry	Pullman
Peter	Welch
Megan	Randall
Victoria	Duncan
Brian	Henderson
Rachel	Walsh
Donna	Hamilton
Amy	Arnold
Carl	Quinn
Emma	Avery
Sean	Knox
Samantha	Berry
Colin	Rutherford
Elizabeth	Allan
Gabrielle	Carr
Cameron	Vaughan
Sean	Lyman
Dorothy	Piper
Stephen	Hill
Lillian	Wright
Sarah	Peters
Edward	Terry
Boris	Mackenzie
Hannah	Hunter
Ruth	Hudson
Leonard	Clarkson
Carol	Davies
Boris	Coleman
Charles	Simpson
Rebecca	Kelly
Mary	Dickens
Evan	Pullman
Irene	James
Ava	Graham
Wendy	Peake
Joshua	Kelly
Ella	Harris
Evan	Walker
Samantha	Roberts
Joseph	Mills
Nicholas	Reid
Brian	Chapman
Andrew	Buckland
Olivia	Murray
Kimberly	Fisher
Nicola	Nolan
Nathan	Arnold
Anthony	King
Ruth	Ferguson
Phil	Mathis
Carol	Paterson
Sebastian	Davidson
Blake	Anderson
Frank	Fisher
Zoe	McLean
Austin	Bond
James	Morgan
Claire	Glover
Max	Hodges
Yvonne	Johnston
Jan	Langdon
Deirdre	Burgess
Bella	Marshall
Victor	Thomson
Kevin	Bower
Jessica	Oliver
Brian	Wilson
Sonia	Gill
David	Peake
Liam	Walker
Keith	Taylor
Julian	Ogden
Robert	Carr
Rebecca	Russell
Sally	Underwood
Claire	Howard
Sarah	Davies
Lisa	Metcalfe
Brian	Carr
Sophie	Sharp
Peter	Avery
James	Black
Jacob	Blake
Blake	Manning
Luke	Watson
Stephanie	Paige
William	Buckland
Jack	Hunter
Christopher	Henderson
Frank	Pullman
Sarah	Avery
Hannah	Gill
Brian	Wilkins
Elizabeth	Hughes
Amanda	Wilkins
Grace	Sanderson
Michael	James
Dylan	Hamilton
Jake	Langdon
Ruth	Campbell
Adrian	Baker
Samantha	Blake
Joan	Pullman
Ryan	Underwood
Carolyn	Burgess
Nicola	Mathis
Diane	Glover
Victor	Ross
Jan	Gill
Anna	Poole
Donna	Edmunds
Tim	Quinn
Anthony	McDonald
Diane	Tucker
Lauren	May
Joseph	Bond
Joseph	Wright
Charles	Churchill
Wendy	Mitchell
Isaac	Chapman
John	Lambert
Chloe	Brown
Mary	North
Kylie	Clarkson
Samantha	Skinner
Robert	Wilkins
Stephanie	Metcalfe
Lily	Mackay
Edward	Henderson
Robert	Turner
Andrew	Terry
Luke	Alsop
Stewart	Carr
Luke	Lawrence
Peter	Dowd
Charles	Chapman
Jonathan	Young
Fiona	Lee
Steven	Morrison
Frank	Fraser
Audrey	Peake
Vanessa	Lawrence
Vanessa	May
Rose	Peake
Andrew	Churchill
Jasmine	Buckland
Sonia	Walker
Amy	Dyer
Piers	Stewart
Donna	Metcalfe
Joanne	Lyman
Richard	Chapman
Leonard	Sharp
Sebastian	Hodges
Carol	Ince
Jane	Mackay
Madeleine	Mackay
Madeleine	Jackson
Megan	Howard
Stewart	Duncan
Charles	Vaughan
Jake	Hardacre
Nicola	Hill
Sally	Lyman
Alison	Sanderson
Thomas	Taylor
Heather	Gibson
Natalie	Pullman
Matt	Vaughan
Nicola	Lee
Evan	Thomson
Fiona	Fisher
Tim	Wilkins
Melanie	Baker
Alexander	Mackay
Lillian	Cornish
Adrian	May
Jan	Morgan
Stephen	Churchill
Matt	Clark
Lauren	James
Evan	Vaughan
Ella	MacDonald
Stephanie	Carr
Dominic	White
Pippa	Langdon
Julian	Walker
Kimberly	Kerr
Rose	Wright
Jake	MacLeod
Adam	Clarkson
Madeleine	Rampling
Megan	Morrison
Max	Wallace
Zoe	Clark
Lillian	Jones
Ian	MacDonald
Sonia	Rutherford
Keith	Springer
Nicola	Short
Anna	Pullman
Stephen	Ball
Victoria	Clarkson
Lisa	Nolan
Carolyn	Hart
Claire	Grant
Luke	Dyer
Nicola	Nash
Julian	Lewis
Sean	Ferguson
Angela	Springer
Joan	MacLeod
Cameron	Paige
Gabrielle	Reid
Jan	Henderson
Simon	Edmunds
Austin	Allan
Tracey	Dyer
Jason	Hunter
Boris	Fisher
Leonard	Terry
Kylie	White
Boris	Hemmings
Molly	Greene
Liam	Short
Abigail	Clark
Robert	Peake
John	Hemmings
Grace	Mathis
Harry	Slater
Gabrielle	Short
Jack	Morrison
Gabrielle	Hodges
Emma	Davidson
Alison	Welch
Amelia	Churchill
Jessica	Sanderson
Gordon	Black
Paul	Kerr
Lucas	Knox
Isaac	Kerr
Leonard	Taylor
Peter	Chapman
Dominic	Henderson
Jack	Abraham
Jacob	MacLeod
Evan	Hardacre
Keith	Edmunds
Brandon	Rampling
Rachel	Randall
Sam	Lawrence
Carl	Kelly
Sam	Blake
Gavin	Quinn
Austin	Ogden
Sean	Vaughan
Rebecca	Hughes
Grace	Rutherford
Piers	Vaughan
Owen	Ellison
Thomas	Chapman
Faith	Mackay
Jason	Burgess
Piers	Mitchell
Sebastian	Hart
Boris	Walsh
Gordon	Rees
Julia	James
Wanda	Watson
Jane	Grant
Theresa	Ince
Wendy	Sutherland
Phil	Wilkins
Frank	Mitchell
Alexandra	Young
Adrian	Walsh
Piers	Hudson
Bella	Russell
Chloe	Powell
Phil	Lee
Deirdre	McDonald
Julia	Black
Gabrielle	Underwood
Frank	Oliver
Frank	Walker
Sally	Howard
Claire	Hamilton
Ryan	Paterson
Pippa	Rees
Penelope	Cornish
Rose	McGrath
Joshua	Paterson
Brandon	Graham
Carl	Murray
Christian	Walker
Jonathan	Taylor
Carolyn	Buckland
Dylan	Parr
Sally	Gill
Christian	Abraham
Paul	Randall
Theresa	Scott
Gordon	Hardacre
John	Young
Dan	May
Andrew	Quinn
Natalie	Burgess
Thomas	Tucker
Gordon	Reid
Zoe	Knox
Hannah	Reid
Chloe	Bell
Virginia	Underwood
Benjamin	Marshall
Stewart	Kerr
Sebastian	MacLeod
Christian	Johnston
Harry	Poole
Stephen	McDonald
Evan	Paterson
Anne	Johnston
Andrew	Paige
Madeleine	Henderson
Boris	Grant
Benjamin	Vaughan
Hannah	Anderson
Thomas	Mackay
Emma	Mathis
Victoria	Clark
Piers	Peake
Carl	Edmunds
Fiona	Manning
Trevor	Clark
Chloe	Lambert
Kylie	Kelly
Stewart	Tucker
Jack	Ogden
Oliver	North
Megan	Edmunds
Connor	Scott
Connor	Campbell
Jan	Hamilton
Connor	Parsons
Kevin	Bond
Simon	Glover
Joanne	Lawrence
Evan	Randall
Trevor	Morgan
Joseph	MacDonald
Kimberly	Murray
Jacob	Mills
Angela	Anderson
Joe	Short
Emily	Mills
Bernadette	Wilkins
Molly	Oliver
Una	Arnold
Jan	McGrath
Zoe	Ball
Victoria	Payne
Natalie	Watson
Leah	Hughes
Faith	Hemmings
Caroline	Metcalfe
Anthony	Roberts
Virginia	Lewis
Molly	Glover
Penelope	Fraser
Melanie	Welch
Andrew	Ball
Dorothy	Ince
Jason	Lambert
Diane	Hodges
Melanie	Rutherford
Luke	Jackson
Audrey	Bond
Diana	Lyman
Lillian	Hemmings
Joseph	Taylor
Bella	Quinn
Stewart	May
Mary	Greene
Piers	Parsons
Jennifer	Clarkson
Edward	Davidson
Carl	Lawrence
Gordon	Grant
Keith	Mills
Anna	Lewis
Ruth	Dickens
Jan	MacDonald
Victor	Forsyth
Andrew	Clark
Faith	Buckland
Paul	Clark
Nicola	Davidson
Karen	Bower
Austin	Wright
Jake	Jackson
Dylan	Greene
Brian	Avery
Emily	Young
Sue	Underwood
Nicola	Ogden
Benjamin	Metcalfe
Wanda	Arnold
Robert	Metcalfe
Stewart	Wright
Carol	Kerr
Megan	Knox
Sam	Henderson
Felicity	McDonald
Jennifer	Terry
Una	Wilson
Andrew	Hart
Phil	Clark
Bella	MacLeod
Max	Sutherland
Alexandra	Coleman
Julia	Kelly
James	Ellison
Virginia	Henderson
Robert	Nolan
Max	Ince
Andrea	Lambert
Una	Fisher
Lucas	Lewis
Rose	Forsyth
Madeleine	Murray
Amelia	White
Dorothy	Miller
Pippa	Lambert
Jacob	Vaughan
Nicholas	Newman
Claire	Gibson
Sonia	White
Michelle	Grant
Phil	MacDonald
Neil	Vaughan
Audrey	Simpson
Lily	Nash
Michael	Ogden
Carl	Thomson
Dorothy	Bond
Stewart	Ferguson
Kimberly	Payne
Carolyn	Bailey
Phil	Langdon
Adrian	Greene
Lucas	Hill
Keith	Miller
Sonia	Hughes
Alexander	Dowd
Victoria	Mills
Tracey	Scott
Liam	Bailey
Amanda	Ince
Audrey	Tucker
Leah	Turner
Gavin	Dyer
Brian	Bond
Sophie	Forsyth
Vanessa	Morgan
Carolyn	Smith
Austin	Wilson
Michelle	Taylor
Mary	Simpson
Joseph	Springer
Anne	Hardacre
Stewart	Ince
Nathan	Duncan
Justin	Thomson
Isaac	Howard
Felicity	Buckland
Brian	Dickens
James	Nolan
Bernadette	Avery
Warren	McDonald
Owen	Hill
Trevor	McGrath
Blake	Hughes
Frank	Lyman
Joshua	Lewis
David	Arnold
Irene	Henderson
Sam	Wright
Samantha	Welch
Amelia	Mackay
Lisa	Poole
Maria	Thomson
Dylan	Hodges
Victor	Cornish
Yvonne	Ince
Jonathan	Mackay
Joe	Hardacre
Blake	Reid
Andrew	Skinner
Christian	Lawrence
Jake	Ogden
Warren	Lee
Irene	Short
Richard	Abraham
Maria	Oliver